"primary_type","community_area","count"
"THEFT","73","14232"
"BATTERY","76","4114"
"ASSAULT","39","2765"
"MOTOR VEHICLE THEFT","7","4213"
"ASSAULT","32","7385"
"BATTERY","1831","42"
"DECEPTIVE PRACTICE","24","9147"
"MOTOR VEHICLE THEFT","59","1630"
"DECEPTIVE PRACTICE","33","3772"
"BATTERY","1812","6"
"CRIMINAL TRESPASS","28","10126"
"CRIMINAL TRESPASS","27","2462"
"BURGLARY","70","5227"
"ROBBERY","15","2098"
"ROBBERY","31","1991"
"DECEPTIVE PRACTICE","70","3448"
"THEFT","14","13046"
"BURGLARY","68","10590"
"HOMICIDE","2","66"
"OTHER OFFENSE","33","3132"
"ROBBERY","33","1340"
"NARCOTICS","65","1704"
"OTHER OFFENSE","59","1638"
"ASSAULT","18","982"
"ASSAULT","0634","8"
"KIDNAPPING","15","94"
"WEAPONS VIOLATION","73","1391"
"BATTERY","1911","7"
"NARCOTICS","4","1509"
"BATTERY","0223","24"
"CRIMINAL SEXUAL ASSAULT","33","57"
"ARSON","19","389"
"BATTERY","2422","34"
"STALKING","77","48"
"HOMICIDE","30","336"
"ASSAULT","1123","4"
"INTIMIDATION","40","30"
"HOMICIDE","33","48"
"BATTERY","2423","11"
"CONCEALED CARRY LICENSE VIOLATION","46","11"
"BATTERY","0532","26"
"STALKING","58","46"
"BATTERY","0731","24"
"BATTERY","0434","25"
"BATTERY","1434","7"
"HUMAN TRAFFICKING","27","1"
"ASSAULT","1831","4"
"INTIMIDATION","62","10"
"PUBLIC PEACE VIOLATION","73","354"
"OBSCENITY","65","9"
"CONCEALED CARRY LICENSE VIOLATION","62","1"
"LIQUOR LAW VIOLATION","56","95"
"STALKING","63","36"
"ARSON","5","53"
"ASSAULT","0533","3"
"ASSAULT","015","1517"
"BATTERY","003","3016"
"ASSAULT","010","1489"
"GAMBLING","28","219"
"GAMBLING","75","59"
"LIQUOR LAW VIOLATION","009","22"
"PUBLIC PEACE VIOLATION","009","382"
"CRIM SEXUAL ASSAULT","37","84"
"ROBBERY","022","166"
"CRIM SEXUAL ASSAULT","44","576"
"NARCOTICS","016","514"
"GAMBLING","015","15"
"CRIM SEXUAL ASSAULT","20","170"
"BURGLARY","006","147"
"PROSTITUTION","59","32"
"RITUALISM","025","2"
"ROBBERY","024","45"
"CRIM SEXUAL ASSAULT","018","19"
"KIDNAPPING","9","17"
"INTIMIDATION","36","10"
"GAMBLING","20","10"
"OBSCENITY","17","8"
"STALKING","007","10"
"HUMAN TRAFFICKING","51","2"
"CRIM SEXUAL ASSAULT","006","29"
"PUBLIC INDECENCY","26","2"
"OBSCENITY","016","4"
"STALKING","019","2"
"CRIMINAL SEXUAL ASSAULT","014","1"
"BATTERY","3","17313"
"THEFT","32","88016"
"BATTERY","69","38253"
"WEAPONS VIOLATION","43","3274"
"ASSAULT","14","3442"
"DECEPTIVE PRACTICE","7","8161"
"ASSAULT","67","15065"
"MOTOR VEHICLE THEFT","77","2448"
"ASSAULT","3","6490"
"STALKING","16","60"
"BATTERY","8","31711"
"ASSAULT","8","9666"
"OTHER OFFENSE","45","2515"
"WEAPONS VIOLATION","42","1906"
"OTHER OFFENSE","62","1670"
"PUBLIC PEACE VIOLATION","6","914"
"CONCEALED CARRY LICENSE VIOLATION","76","225"
"HOMICIDE","66","355"
"BATTERY","0122","22"
"WEAPONS VIOLATION","53","2922"
"CRIMINAL TRESPASS","43","5562"
"BATTERY","65","6500"
"MOTOR VEHICLE THEFT","61","6002"
"DECEPTIVE PRACTICE","4","3383"
"ASSAULT","2534","5"
"MOTOR VEHICLE THEFT","42","3805"
"OFFENSE INVOLVING CHILDREN","30","1320"
"BATTERY","0611","17"
"SEX OFFENSE","57","135"
"BATTERY","0624","35"
"ASSAULT","1011","6"
"CRIMINAL DAMAGE","41","4614"
"BATTERY","1712","20"
"WEAPONS VIOLATION","1","937"
"SEX OFFENSE","62","148"
"CRIMINAL DAMAGE","36","1984"
"INTIMIDATION","2","52"
"SEX OFFENSE","11","143"
"BATTERY","0824","10"
"ASSAULT","0424","6"
"ROBBERY","20","1422"
"ROBBERY","74","217"
"GAMBLING","25","2411"
"INTERFERENCE WITH PUBLIC OFFICER","37","116"
"OFFENSE INVOLVING CHILDREN","72","283"
"ASSAULT","2211","1"
"BATTERY","0932","22"
"BATTERY","1511","21"
"BATTERY","0112","28"
"LIQUOR LAW VIOLATION","21","181"
"WEAPONS VIOLATION","12","38"
"ASSAULT","2024","4"
"LIQUOR LAW VIOLATION","31","372"
"ASSAULT","1221","3"
"ARSON","65","118"
"CONCEALED CARRY LICENSE VIOLATION","8","26"
"STALKING","61","60"
"ASSAULT","1022","9"
"INTERFERENCE WITH PUBLIC OFFICER","30","250"
"DECEPTIVE PRACTICE","022","101"
"ASSAULT","1712","1"
"OBSCENITY","20","6"
"LIQUOR LAW VIOLATION","3","234"
"LIQUOR LAW VIOLATION","10","46"
"KIDNAPPING","70","84"
"THEFT","017","1294"
"OFFENSE INVOLVING CHILDREN","009","58"
"GAMBLING","54","44"
"ARSON","025","16"
"WEAPONS VIOLATION","017","198"
"OTHER OFFENSE","006","216"
"BURGLARY","002","275"
"CRIM SEXUAL ASSAULT","010","26"
"CRIM SEXUAL ASSAULT","36","63"
"PUBLIC PEACE VIOLATION","45","143"
"INTIMIDATION","44","65"
"LIQUOR LAW VIOLATION","62","47"
"GAMBLING","56","35"
"INTERFERENCE WITH PUBLIC OFFICER","70","69"
"INTERFERENCE WITH PUBLIC OFFICER","62","33"
"NON-CRIMINAL","42","2"
"STALKING","018","4"
"PUBLIC INDECENCY","43","3"
"KIDNAPPING","004","15"
"INTERFERENCE WITH PUBLIC OFFICER","025","5"
"OBSCENITY","27","11"
"OBSCENITY","48","5"
"NON-CRIMINAL","16","1"
"NON-CRIMINAL (SUBJECT SPECIFIED)","37","1"
"RITUALISM","1123","1"
"BATTERY","66","33529"
"BATTERY","33","7539"
"THEFT","67","26891"
"CRIMINAL DAMAGE","66","21193"
"WEAPONS VIOLATION","49","3928"
"WEAPONS VIOLATION","67","5030"
"CRIMINAL DAMAGE","49","22899"
"OTHER OFFENSE","66","11168"
"ASSAULT","68","14070"
"ROBBERY","69","8911"
"ROBBERY","71","9021"
"CRIMINAL DAMAGE","27","11221"
"OTHER OFFENSE","31","3951"
"CRIMINAL TRESPASS","32","7757"
"OFFENSE INVOLVING CHILDREN","61","1286"
"MOTOR VEHICLE THEFT","56","2471"
"DECEPTIVE PRACTICE","11","2254"
"SEX OFFENSE","42","395"
"LIQUOR LAW VIOLATION","42","87"
"CRIMINAL SEXUAL ASSAULT","58","60"
"CRIMINAL DAMAGE","9","1276"
"PUBLIC PEACE VIOLATION","28","1114"
"PUBLIC PEACE VIOLATION","12","50"
"BATTERY","2531","13"
"BATTERY","1023","45"
"OTHER OFFENSE","57","1316"
"ARSON","73","126"
"OFFENSE INVOLVING CHILDREN","35","371"
"WEAPONS VIOLATION","13","100"
"BATTERY","0321","43"
"BATTERY","0834","13"
"ROBBERY","65","1712"
"SEX OFFENSE","33","162"
"CONCEALED CARRY LICENSE VIOLATION","66","8"
"STALKING","27","88"
"ROBBERY","50","786"
"PUBLIC PEACE VIOLATION","4","366"
"ARSON","38","95"
"WEAPONS VIOLATION","76","266"
"BATTERY","1224","11"
"BATTERY","1113","34"
"INTIMIDATION","1","60"
"CRIMINAL SEXUAL ASSAULT","60","35"
"STALKING","13","16"
"BATTERY","1114","22"
"BATTERY","0711","19"
"NARCOTICS","55","795"
"SEX OFFENSE","74","75"
"INTIMIDATION","75","43"
"LIQUOR LAW VIOLATION","74","81"
"OBSCENITY","55","4"
"STALKING","57","12"
"INTIMIDATION","51","35"
"ASSAULT","0935","3"
"ASSAULT","1134","5"
"PROSTITUTION","23","3103"
"ASSAULT","0933","5"
"INTIMIDATION","55","18"
"BATTERY","1655","4"
"ASSAULT","1933","2"
"BATTERY","008","4634"
"OFFENSE INVOLVING CHILDREN","006","113"
"HOMICIDE","35","96"
"HOMICIDE","11","15"
"LIQUOR LAW VIOLATION","008","12"
"GAMBLING","009","1"
"SEX OFFENSE","008","137"
"WEAPONS VIOLATION","025","323"
"CRIM SEXUAL ASSAULT","7","297"
"KIDNAPPING","025","22"
"BURGLARY","014","44"
"DECEPTIVE PRACTICE","006","70"
"OFFENSE INVOLVING CHILDREN","005","108"
"LIQUOR LAW VIOLATION","18","20"
"SEX OFFENSE","005","86"
"GAMBLING","011","15"
"OTHER NARCOTIC VIOLATION","012","2"
"OBSCENITY","024","6"
"OTHER NARCOTIC VIOLATION","24","9"
"KIDNAPPING","48","46"
"ARSON","015","6"
"RITUALISM","51","1"
"OBSCENITY","36","3"
"PUBLIC INDECENCY","007","1"
"INTIMIDATION","024","2"
"CONCEALED CARRY LICENSE VIOLATION","57","1"
"ASSAULT","0434","1"
"BATTERY","71","41119"
"BATTERY","40","17580"
"ROBBERY","25","19037"
"MOTOR VEHICLE THEFT","12","470"
"MOTOR VEHICLE THEFT","3","3229"
"INTERFERENCE WITH PUBLIC OFFICER","27","500"
"CRIMINAL DAMAGE","18","2649"
"WEAPONS VIOLATION","59","342"
"BATTERY","38","20047"
"BATTERY","0331","33"
"BATTERY","0323","24"
"DECEPTIVE PRACTICE","48","1833"
"SEX OFFENSE","10","158"
"OTHER OFFENSE","18","1466"
"INTIMIDATION","28","147"
"DECEPTIVE PRACTICE","34","1959"
"CRIMINAL SEXUAL ASSAULT","28","195"
"OTHER OFFENSE","55","1355"
"INTERFERENCE WITH PUBLIC OFFICER","26","659"
"OFFENSE INVOLVING CHILDREN","1","740"
"ASSAULT","60","3130"
"KIDNAPPING","68","149"
"STALKING","8","167"
"BATTERY","2515","25"
"BURGLARY","12","1428"
"BATTERY","1222","17"
"OTHER OFFENSE","51","3465"
"PROSTITUTION","8","3917"
"INTIMIDATION","66","75"
"OFFENSE INVOLVING CHILDREN","54","343"
"PUBLIC PEACE VIOLATION","22","837"
"NARCOTICS","45","1600"
"SEX OFFENSE","68","584"
"OBSCENITY","74","6"
"ARSON","10","51"
"OFFENSE INVOLVING CHILDREN","42","1063"
"OFFENSE INVOLVING CHILDREN","75","670"
"PUBLIC PEACE VIOLATION","24","935"
"ARSON","27","179"
"STALKING","53","71"
"STALKING","48","33"
"HOMICIDE","29","530"
"BATTERY","0234","26"
"CRIMINAL SEXUAL ASSAULT","18","14"
"SEX OFFENSE","75","155"
"ASSAULT","1222","2"
"BATTERY","0232","19"
"BATTERY","1723","16"
"CRIMINAL TRESPASS","57","284"
"LIQUOR LAW VIOLATION","40","66"
"INTERFERENCE WITH PUBLIC OFFICER","10","27"
"KIDNAPPING","42","115"
"ROBBERY","018","57"
"INTIMIDATION","21","29"
"KIDNAPPING","39","30"
"SEX OFFENSE","018","58"
"BATTERY","1524","16"
"INTERFERENCE WITH PUBLIC OFFICER","34","48"
"ARSON","34","42"
"ASSAULT","2232","6"
"ASSAULT","0832","3"
"CRIM SEXUAL ASSAULT","67","877"
"NARCOTICS","025","798"
"CRIMINAL TRESPASS","0","3"
"CRIM SEXUAL ASSAULT","23","737"
"PROSTITUTION","14","576"
"GAMBLING","","1107"
"NARCOTICS","022","755"
"ASSAULT","022","1863"
"PUBLIC PEACE VIOLATION","012","483"
"GAMBLING","23","926"
"CRIMINAL TRESPASS","002","536"
"GAMBLING","005","12"
"CRIM SEXUAL ASSAULT","45","157"
"DECEPTIVE PRACTICE","017","68"
"GAMBLING","14","63"
"ROBBERY","001","35"
"STALKING","003","4"
"STALKING","34","17"
"NON - CRIMINAL","50","2"
"INTERFERENCE WITH PUBLIC OFFICER","003","8"
"PUBLIC INDECENCY","019","1"
"NON-CRIMINAL","37","1"
"CONCEALED CARRY LICENSE VIOLATION","65","2"
"OTHER NARCOTIC VIOLATION","16","2"
"CONCEALED CARRY LICENSE VIOLATION","58","1"
"KIDNAPPING","001","2"
"CRIMINAL SEXUAL ASSAULT","018","4"
"ASSAULT","1733","2"
"ASSAULT","0835","1"
"ASSAULT","1413","1"
"NON - CRIMINAL","51","1"
"CRIMINAL SEXUAL ASSAULT","017","1"
"CRIMINAL TRESPASS","61","2738"
"MOTOR VEHICLE THEFT","71","7919"
"WEAPONS VIOLATION","35","636"
"BATTERY","37","4203"
"NARCOTICS","14","3202"
"BURGLARY","6","10233"
"CRIMINAL DAMAGE","75","7008"
"THEFT","35","14406"
"ROBBERY","68","8107"
"CRIMINAL SEXUAL ASSAULT","67","139"
"ROBBERY","72","790"
"BATTERY","1532","30"
"BATTERY","1522","57"
"SEX OFFENSE","43","691"
"BURGLARY","41","3222"
"THEFT","20","6577"
"ROBBERY","34","1716"
"OFFENSE INVOLVING CHILDREN","22","1020"
"OTHER OFFENSE","75","4443"
"SEX OFFENSE","23","638"
"INTIMIDATION","29","77"
"SEX OFFENSE","19","665"
"INTERFERENCE WITH PUBLIC OFFICER","25","1698"
"OFFENSE INVOLVING CHILDREN","24","785"
"WEAPONS VIOLATION","5","119"
"INTIMIDATION","77","40"
"ROBBERY","59","737"
"HOMICIDE","43","520"
"OFFENSE INVOLVING CHILDREN","36","185"
"PUBLIC PEACE VIOLATION","74","75"
"CONCEALED CARRY LICENSE VIOLATION","32","12"
"KIDNAPPING","20","53"
"PUBLIC PEACE VIOLATION","70","363"
"CRIMINAL SEXUAL ASSAULT","36","20"
"ASSAULT","2422","7"
"ASSAULT","1211","3"
"ASSAULT","1713","3"
"LIQUOR LAW VIOLATION","4","188"
"LIQUOR LAW VIOLATION","1","287"
"BATTERY","1931","6"
"BATTERY","2221","13"
"BATTERY","0213","18"
"NARCOTICS","18","435"
"ASSAULT","2521","2"
"NARCOTICS","64","1041"
"BATTERY","2012","7"
"KIDNAPPING","30","101"
"INTIMIDATION","72","19"
"DECEPTIVE PRACTICE","2011","1"
"SEX OFFENSE","024","35"
"STALKING","62","22"
"CRIMINAL SEXUAL ASSAULT","","15"
"PROSTITUTION","68","2032"
"NARCOTICS","011","563"
"NARCOTICS","015","338"
"CRIM SEXUAL ASSAULT","31","218"
"ASSAULT","0122","3"
"OBSCENITY","33","7"
"CRIM SEXUAL ASSAULT","38","373"
"ARSON","","1281"
"CRIMINAL DAMAGE","003","475"
"INTERFERENCE WITH PUBLIC OFFICER","","501"
"PROSTITUTION","16","88"
"CRIM SEXUAL ASSAULT","57","82"
"KIDNAPPING","65","58"
"INTIMIDATION","49","102"
"OFFENSE INVOLVING CHILDREN","019","42"
"DECEPTIVE PRACTICE","024","36"
"RITUALISM","46","2"
"BURGLARY","024","51"
"GAMBLING","21","29"
"INTIMIDATION","50","58"
"PROSTITUTION","48","2"
"STALKING","020","7"
"PUBLIC INDECENCY","2","2"
"CONCEALED CARRY LICENSE VIOLATION","52","2"
"OBSCENITY","35","4"
"OTHER NARCOTIC VIOLATION","49","1"
"NON-CRIMINAL","4","3"
"NON-CRIMINAL","15","1"
"PUBLIC INDECENCY","40","1"
"PUBLIC INDECENCY","35","1"
"ASSAULT","1722","2"
"PUBLIC INDECENCY","23","1"
"ASSAULT","0231","3"
"ASSAULT","63","3820"
"CRIMINAL DAMAGE","22","17628"
"NARCOTICS","8","10406"
"DECEPTIVE PRACTICE","41","4739"
"CRIMINAL DAMAGE","53","15484"
"BATTERY","23","41181"
"MOTOR VEHICLE THEFT","62","1503"
"NARCOTICS","26","36340"
"STALKING","69","114"
"CRIMINAL DAMAGE","65","7918"
"BATTERY","1612","19"
"DECEPTIVE PRACTICE","49","6109"
"DECEPTIVE PRACTICE","68","4149"
"OTHER OFFENSE","58","4381"
"BATTERY","63","10704"
"WEAPONS VIOLATION","25","7288"
"ASSAULT","53","8934"
"CRIMINAL TRESPASS","67","3892"
"SEX OFFENSE","34","90"
"WEAPONS VIOLATION","77","275"
"BURGLARY","75","3449"
"THEFT","62","5891"
"DECEPTIVE PRACTICE","54","577"
"CRIMINAL TRESPASS","49","4427"
"CRIMINAL TRESPASS","35","5873"
"ASSAULT","35","4546"
"INTERFERENCE WITH PUBLIC OFFICER","23","855"
"OTHER OFFENSE","10","2867"
"BATTERY","0633","13"
"OTHER OFFENSE","63","3999"
"OFFENSE INVOLVING CHILDREN","44","1146"
"WEAPONS VIOLATION","33","330"
"MOTOR VEHICLE THEFT","5","1750"
"STALKING","39","29"
"BURGLARY","21","4988"
"BATTERY","59","4225"
"CRIMINAL SEXUAL ASSAULT","7","82"
"PUBLIC PEACE VIOLATION","35","247"
"OTHER OFFENSE","37","955"
"BURGLARY","9","362"
"NARCOTICS","50","1355"
"INTIMIDATION","70","43"
"NARCOTICS","57","818"
"THEFT","012","2649"
"BATTERY","1634","13"
"HUMAN TRAFFICKING","8","3"
"HOMICIDE","17","27"
"ROBBERY","012","62"
"STALKING","1","74"
"BATTERY","0233","17"
"KIDNAPPING","18","18"
"INTIMIDATION","73","33"
"ARSON","15","173"
"LIQUOR LAW VIOLATION","41","28"
"NARCOTICS","47","975"
"BATTERY","0215","16"
"INTIMIDATION","46","93"
"STALKING","41","48"
"DECEPTIVE PRACTICE","010","42"
"HOMICIDE","9","4"
"PROSTITUTION","6","628"
"SEX OFFENSE","016","59"
"PROSTITUTION","","8015"
"KIDNAPPING","24","83"
"WEAPONS VIOLATION","001","54"
"KIDNAPPING","009","15"
"CRIM SEXUAL ASSAULT","34","44"
"INTERFERENCE WITH PUBLIC OFFICER","4","58"
"GAMBLING","59","11"
"PROSTITUTION","017","2"
"OBSCENITY","26","4"
"OBSCENITY","004","3"
"ASSAULT","2221","3"
"ASSAULT","0923","1"
"PUBLIC INDECENCY","75","2"
"STALKING","009","4"
"NON-CRIMINAL (SUBJECT SPECIFIED)","2","1"
"ASSAULT","1213","2"
"BATTERY","1432","2"
"ASSAULT","2012","2"
"BATTERY","1813","3"
"OTHER OFFENSE","77","4983"
"CRIMINAL DAMAGE","67","23238"
"THEFT","6","53156"
"BURGLARY","16","6043"
"BATTERY","46","27043"
"THEFT","66","25501"
"BATTERY","0923","14"
"OTHER OFFENSE","73","6422"
"CRIMINAL SEXUAL ASSAULT","4","82"
"THEFT","42","15086"
"BATTERY","11","4089"
"MOTOR VEHICLE THEFT","31","3486"
"ROBBERY","63","2568"
"WEAPONS VIOLATION","66","2910"
"BATTERY","73","14412"
"DECEPTIVE PRACTICE","65","2424"
"ASSAULT","70","4126"
"NARCOTICS","63","5310"
"BATTERY","0513","33"
"SEX OFFENSE","29","609"
"WEAPONS VIOLATION","15","532"
"HOMICIDE","42","215"
"THEFT","39","9153"
"DECEPTIVE PRACTICE","16","3547"
"OFFENSE INVOLVING CHILDREN","8","558"
"OTHER OFFENSE","70","5002"
"MOTOR VEHICLE THEFT","025","1764"
"BURGLARY","30","5053"
"BATTERY","1433","6"
"ROBBERY","19","4348"
"PUBLIC PEACE VIOLATION","55","104"
"MOTOR VEHICLE THEFT","10","871"
"CRIMINAL SEXUAL ASSAULT","23","166"
"DECEPTIVE PRACTICE","14","2651"
"BURGLARY","38","4962"
"THEFT","010","1417"
"ARSON","68","402"
"LIQUOR LAW VIOLATION","67","177"
"BATTERY","72","2734"
"BATTERY","1134","46"
"ASSAULT","0725","5"
"ARSON","67","467"
"CRIMINAL SEXUAL ASSAULT","77","99"
"BATTERY","0811","13"
"PROSTITUTION","25","8022"
"BATTERY","1132","56"
"MOTOR VEHICLE THEFT","74","290"
"ASSAULT","0321","7"
"KIDNAPPING","26","84"
"HOMICIDE","65","39"
"ROBBERY","52","619"
"BATTERY","0922","19"
"CONCEALED CARRY LICENSE VIOLATION","38","6"
"PUBLIC PEACE VIOLATION","60","305"
"ASSAULT","0113","5"
"ARSON","72","30"
"ASSAULT","2431","2"
"ASSAULT","005","2245"
"CONCEALED CARRY LICENSE VIOLATION","34","2"
"CONCEALED CARRY LICENSE VIOLATION","48","5"
"STALKING","67","82"
"INTIMIDATION","15","66"
"CRIMINAL DAMAGE","007","887"
"ASSAULT","0214","2"
"HUMAN TRAFFICKING","23","3"
"ASSAULT","2531","3"
"HOMICIDE","38","195"
"HOMICIDE","31","142"
"CRIM SEXUAL ASSAULT","024","12"
"ASSAULT","004","2839"
"CRIMINAL DAMAGE","008","1264"
"OFFENSE INVOLVING CHILDREN","004","133"
"WEAPONS VIOLATION","","4650"
"PROSTITUTION","69","481"
"CRIM SEXUAL ASSAULT","2","280"
"CRIM SEXUAL ASSAULT","71","788"
"CRIM SEXUAL ASSAULT","30","471"
"SEX OFFENSE","009","83"
"BURGLARY","015","111"
"ROBBERY","009","74"
"CRIM SEXUAL ASSAULT","55","48"
"PROSTITUTION","75","14"
"GAMBLING","002","18"
"ARSON","011","20"
"KIDNAPPING","47","7"
"KIDNAPPING","019","11"
"DECEPTIVE PRACTICE","020","28"
"STALKING","016","4"
"CONCEALED CARRY LICENSE VIOLATION","33","4"
"OTHER NARCOTIC VIOLATION","44","1"
"OTHER NARCOTIC VIOLATION","","9"
"NON-CRIMINAL","61","3"
"NON - CRIMINAL","25","1"
"HUMAN TRAFFICKING","43","1"
"PUBLIC INDECENCY","68","2"
"PROSTITUTION","55","2"
"ASSAULT","0112","1"
"PUBLIC INDECENCY","31","2"
"NON - CRIMINAL","43","1"
"NON - CRIMINAL","23","1"
"NON - CRIMINAL","37","1"
"PUBLIC INDECENCY","17","1"
"ASSAULT","1924","1"
"ASSAULT","2412","1"
"MOTOR VEHICLE THEFT","55","536"
"MOTOR VEHICLE THEFT","8","5705"
"OTHER OFFENSE","29","11281"
"BATTERY","13","2743"
"DECEPTIVE PRACTICE","53","3272"
"THEFT","006","1509"
"BATTERY","0432","29"
"CRIMINAL DAMAGE","10","5018"
"OTHER OFFENSE","3","6293"
"BURGLARY","43","17217"
"NARCOTICS","2","3982"
"ROBBERY","28","7491"
"NARCOTICS","67","25234"
"LIQUOR LAW VIOLATION","6","469"
"OFFENSE INVOLVING CHILDREN","48","362"
"CRIMINAL SEXUAL ASSAULT","29","186"
"CRIMINAL SEXUAL ASSAULT","46","101"
"BATTERY","0722","51"
"ASSAULT","41","2403"
"ROBBERY","77","2387"
"LIQUOR LAW VIOLATION","71","223"
"OTHER OFFENSE","11","2667"
"CRIMINAL DAMAGE","55","2476"
"BATTERY","0931","16"
"WEAPONS VIOLATION","41","195"
"BATTERY","2432","20"
"ASSAULT","0614","7"
"CRIMINAL SEXUAL ASSAULT","66","140"
"ASSAULT","0722","20"
"SEX OFFENSE","58","456"
"BATTERY","0235","9"
"CRIMINAL SEXUAL ASSAULT","27","110"
"ASSAULT","59","1763"
"STALKING","73","54"
"CRIMINAL TRESPASS","19","2345"
"BATTERY","2433","15"
"BATTERY","0713","34"
"NARCOTICS","13","814"
"BATTERY","1822","13"
"WEAPONS VIOLATION","16","461"
"INTERFERENCE WITH PUBLIC OFFICER","8","509"
"CRIMINAL SEXUAL ASSAULT","22","105"
"ASSAULT","1822","4"
"LIQUOR LAW VIOLATION","44","102"
"NARCOTICS","5","1320"
"BATTERY","0822","13"
"MOTOR VEHICLE THEFT","015","536"
"CRIMINAL SEXUAL ASSAULT","51","21"
"OFFENSE INVOLVING CHILDREN","76","102"
"ROBBERY","55","248"
"BATTERY","0324","37"
"STALKING","15","54"
"BATTERY","0913","18"
"CRIMINAL SEXUAL ASSAULT","47","11"
"SEX OFFENSE","35","219"
"KIDNAPPING","51","54"
"LIQUOR LAW VIOLATION","13","53"
"KIDNAPPING","4","47"
"OBSCENITY","71","12"
"LIQUOR LAW VIOLATION","35","34"
"ASSAULT","2433","2"
"ASSAULT","0333","9"
"PUBLIC PEACE VIOLATION","77","456"
"INTIMIDATION","20","18"
"ASSAULT","0931","3"
"OBSCENITY","30","11"
"WEAPONS VIOLATION","006","309"
"KIDNAPPING","015","17"
"PUBLIC INDECENCY","77","2"
"PUBLIC PEACE VIOLATION","007","305"
"OTHER OFFENSE","018","138"
"CRIMINAL DAMAGE","009","690"
"BATTERY","0","13"
"STALKING","011","8"
"GAMBLING","49","357"
"CRIM SEXUAL ASSAULT","025","27"
"LIQUOR LAW VIOLATION","019","27"
"OFFENSE INVOLVING CHILDREN","016","36"
"OFFENSE INVOLVING CHILDREN","003","125"
"WEAPONS VIOLATION","019","86"
"SEX OFFENSE","020","39"
"KIDNAPPING","006","19"
"INTIMIDATION","76","14"
"OFFENSE INVOLVING CHILDREN","010","52"
"LIQUOR LAW VIOLATION","014","16"
"OBSCENITY","13","4"
"INTERFERENCE WITH PUBLIC OFFICER","016","3"
"OTHER NARCOTIC VIOLATION","30","1"
"NON-CRIMINAL","20","2"
"OTHER NARCOTIC VIOLATION","014","1"
"BATTERY","2521","11"
"NON-CRIMINAL","69","2"
"NON - CRIMINAL","11","3"
"PUBLIC INDECENCY","63","1"
"ASSAULT","1432","1"
"THEFT","24","67556"
"CRIMINAL DAMAGE","61","15688"
"CRIMINAL DAMAGE","29","19601"
"OTHER OFFENSE","8","8764"
"BURGLARY","18","1352"
"MOTOR VEHICLE THEFT","14","3523"
"MOTOR VEHICLE THEFT","43","9036"
"HOMICIDE","51","100"
"DECEPTIVE PRACTICE","56","3240"
"ROBBERY","7","3190"
"WEAPONS VIOLATION","63","1142"
"BATTERY","41","5265"
"BURGLARY","56","3676"
"ROBBERY","22","5355"
"PUBLIC PEACE VIOLATION","39","112"
"SEX OFFENSE","20","226"
"NARCOTICS","71","19707"
"ASSAULT","0723","11"
"BATTERY","0723","23"
"MOTOR VEHICLE THEFT","18","1202"
"BATTERY","0131","34"
"MOTOR VEHICLE THEFT","005","2498"
"BATTERY","0622","15"
"ASSAULT","2031","3"
"CRIMINAL SEXUAL ASSAULT","75","26"
"ASSAULT","1832","5"
"HOMICIDE","67","511"
"HOMICIDE","46","312"
"HOMICIDE","54","94"
"INTERFERENCE WITH PUBLIC OFFICER","56","78"
"HOMICIDE","14","80"
"OFFENSE INVOLVING CHILDREN","27","718"
"SEX OFFENSE","69","547"
"PUBLIC PEACE VIOLATION","21","383"
"BATTERY","0132","15"
"BATTERY","1531","32"
"SEX OFFENSE","48","98"
"ASSAULT","0734","5"
"ASSAULT","1914","7"
"CONCEALED CARRY LICENSE VIOLATION","61","9"
"CRIMINAL TRESPASS","70","1136"
"OFFENSE INVOLVING CHILDREN","65","520"
"SEX OFFENSE","76","142"
"BATTERY","0921","14"
"BATTERY","1013","16"
"INTERFERENCE WITH PUBLIC OFFICER","3","184"
"INTIMIDATION","69","81"
"STALKING","45","29"
"BATTERY","2022","4"
"CRIMINAL DAMAGE","011","731"
"ASSAULT","2213","5"
"OBSCENITY","67","11"
"BATTERY","019","1220"
"INTIMIDATION","35","50"
"ASSAULT","1634","3"
"PUBLIC PEACE VIOLATION","58","714"
"BATTERY","0523","17"
"ASSAULT","2413","1"
"ASSAULT","1621","1"
"CRIM SEXUAL ASSAULT","8","761"
"OBSCENITY","49","13"
"HOMICIDE","55","16"
"LIQUOR LAW VIOLATION","2","218"
"INTIMIDATION","17","28"
"BATTERY","024","1060"
"OBSCENITY","23","14"
"OTHER OFFENSE","015","137"
"NARCOTICS","002","540"
"SEX OFFENSE","007","71"
"NARCOTICS","014","185"
"GAMBLING","12","13"
"KIDNAPPING","22","124"
"PUBLIC PEACE VIOLATION","001","105"
"OTHER NARCOTIC VIOLATION","13","7"
"LIQUOR LAW VIOLATION","004","35"
"ARSON","010","11"
"CRIM SEXUAL ASSAULT","009","15"
"STALKING","017","2"
"LIQUOR LAW VIOLATION","007","6"
"PROSTITUTION","41","4"
"GAMBLING","9","4"
"LIQUOR LAW VIOLATION","025","26"
"OFFENSE INVOLVING CHILDREN","020","16"
"PROSTITUTION","45","15"
"PUBLIC INDECENCY","7","8"
"ASSAULT","1624","4"
"NON-CRIMINAL","71","2"
"CONCEALED CARRY LICENSE VIOLATION","59","7"
"OBSCENITY","014","5"
"ASSAULT","1024","2"
"GAMBLING","74","3"
"ARSON","001","3"
"NON-CRIMINAL","65","1"
"NON-CRIMINAL","57","1"
"INTERFERENCE WITH PUBLIC OFFICER","020","1"
"ASSAULT","1631","1"
"RITUALISM","69","1"
"DECEPTIVE PRACTICE","71","6717"
"ASSAULT","1","6431"
"BATTERY","56","7347"
"BURGLARY","60","3568"
"MOTOR VEHICLE THEFT","24","10157"
"ROBBERY","45","1896"
"CRIMINAL DAMAGE","16","11745"
"ROBBERY","41","2544"
"OTHER OFFENSE","71","13611"
"WEAPONS VIOLATION","50","461"
"ASSAULT","21","3761"
"MOTOR VEHICLE THEFT","35","3205"
"DECEPTIVE PRACTICE","58","2287"
"CRIMINAL TRESPASS","52","567"
"NARCOTICS","1","9601"
"DECEPTIVE PRACTICE","30","3111"
"NARCOTICS","20","2914"
"ASSAULT","64","1797"
"BATTERY","1014","34"
"MOTOR VEHICLE THEFT","008","2529"
"BATTERY","1833","21"
"BATTERY","0424","53"
"BATTERY","0724","25"
"CONCEALED CARRY LICENSE VIOLATION","29","47"
"BATTERY","1012","27"
"SEX OFFENSE","5","155"
"BURGLARY","20","2872"
"NARCOTICS","17","1423"
"MOTOR VEHICLE THEFT","024","466"
"HOMICIDE","58","163"
"SEX OFFENSE","15","420"
"STALKING","59","19"
"OFFENSE INVOLVING CHILDREN","16","590"
"ARSON","40","78"
"WEAPONS VIOLATION","18","100"
"CONCEALED CARRY LICENSE VIOLATION","3","8"
"BATTERY","2024","5"
"HOMICIDE","63","155"
"KIDNAPPING","33","27"
"ARSON","57","59"
"INTERFERENCE WITH PUBLIC OFFICER","40","183"
"BATTERY","2524","8"
"HUMAN TRAFFICKING","26","4"
"BATTERY","1912","6"
"KIDNAPPING","23","158"
"ASSAULT","1633","2"
"ASSAULT","0624","9"
"NON-CRIMINAL","49","1"
"PROSTITUTION","61","2205"
"PROSTITUTION","24","2099"
"HOMICIDE","24","190"
"HOMICIDE","40","183"
"PROSTITUTION","20","842"
"GAMBLING","42","428"
"THEFT","011","1733"
"ASSAULT","017","753"
"CRIM SEXUAL ASSAULT","70","215"
"CRIMINAL DAMAGE","014","368"
"ASSAULT","003","1513"
"SEX OFFENSE","","2391"
"BURGLARY","004","276"
"WEAPONS VIOLATION","015","272"
"WEAPONS VIOLATION","005","304"
"CRIM SEXUAL ASSAULT","61","552"
"OFFENSE INVOLVING CHILDREN","022","137"
"GAMBLING","24","98"
"PUBLIC INDECENCY","8","18"
"PUBLIC PEACE VIOLATION","025","243"
"OFFENSE INVOLVING CHILDREN","002","84"
"INTERFERENCE WITH PUBLIC OFFICER","004","3"
"LIQUOR LAW VIOLATION","011","19"
"KIDNAPPING","024","5"
"STALKING","012","6"
"ROBBERY","0","1"
"RITUALISM","","8"
"ASSAULT","0915","6"
"OBSCENITY","010","2"
"OTHER NARCOTIC VIOLATION","54","1"
"ASSAULT","1823","1"
"NON - CRIMINAL","60","2"
"OTHER NARCOTIC VIOLATION","17","2"
"NON-CRIMINAL","34","1"
"THEFT","8","102967"
"BATTERY","1","19609"
"THEFT","27","15909"
"BATTERY","32","15422"
"THEFT","11","6771"
"BATTERY","39","6917"
"DECEPTIVE PRACTICE","60","2129"
"BATTERY","61","29440"
"OFFENSE INVOLVING CHILDREN","40","571"
"BATTERY","17","6479"
"BATTERY","0632","35"
"BATTERY","2534","23"
"MOTOR VEHICLE THEFT","63","4112"
"THEFT","18","3893"
"OTHER OFFENSE","13","1501"
"INTIMIDATION","9","13"
"BURGLARY","77","3936"
"CRIMINAL DAMAGE","74","2323"
"PUBLIC PEACE VIOLATION","53","603"
"OTHER OFFENSE","74","1581"
"NARCOTICS","22","6652"
"DECEPTIVE PRACTICE","37","1275"
"OFFENSE INVOLVING CHILDREN","9","58"
"BURGLARY","4","3404"
"BATTERY","1654","5"
"OBSCENITY","1","13"
"CRIMINAL SEXUAL ASSAULT","41","59"
"ASSAULT","0631","3"
"ARSON","44","205"
"WEAPONS VIOLATION","56","563"
"CRIMINAL TRESPASS","26","2057"
"MOTOR VEHICLE THEFT","019","1199"
"NARCOTICS","10","519"
"OFFENSE INVOLVING CHILDREN","31","538"
"CRIMINAL SEXUAL ASSAULT","31","76"
"OFFENSE INVOLVING CHILDREN","62","219"
"CRIMINAL SEXUAL ASSAULT","13","22"
"HOMICIDE","71","434"
"CRIMINAL SEXUAL ASSAULT","9","8"
"ROBBERY","002","144"
"INTERFERENCE WITH PUBLIC OFFICER","57","21"
"BATTERY","0733","19"
"SEX OFFENSE","9","56"
"CONCEALED CARRY LICENSE VIOLATION","53","19"
"INTERFERENCE WITH PUBLIC OFFICER","44","386"
"BATTERY","018","1117"
"BATTERY","0813","20"
"PUBLIC PEACE VIOLATION","11","159"
"WEAPONS VIOLATION","11","89"
"STALKING","7","48"
"OBSCENITY","34","3"
"BATTERY","2032","8"
"LIQUOR LAW VIOLATION","11","78"
"OBSCENITY","4","5"
"INTIMIDATION","5","41"
"ASSAULT","2023","5"
"DECEPTIVE PRACTICE","014","26"
"CONCEALED CARRY LICENSE VIOLATION","43","15"
"HOMICIDE","22","154"
"ASSAULT","0733","4"
"PROSTITUTION","7","344"
"HOMICIDE","20","51"
"HOMICIDE","13","16"
"INTERFERENCE WITH PUBLIC OFFICER","5","53"
"CONCEALED CARRY LICENSE VIOLATION","73","10"
"CRIMINAL DAMAGE","025","732"
"CRIMINAL TRESPASS","001","385"
"CRIM SEXUAL ASSAULT","58","262"
"CRIM SEXUAL ASSAULT","10","96"
"CRIM SEXUAL ASSAULT","68","826"
"ASSAULT","009","1201"
"PROSTITUTION","37","35"
"CRIMINAL TRESPASS","003","411"
"BURGLARY","007","308"
"GAMBLING","44","195"
"GAMBLING","39","65"
"GAMBLING","008","14"
"CRIMINAL DAMAGE","0","12"
"CRIM SEXUAL ASSAULT","007","17"
"PUBLIC PEACE VIOLATION","005","244"
"PROSTITUTION","65","20"
"OTHER OFFENSE","025","207"
"LIQUOR LAW VIOLATION","76","20"
"KIDNAPPING","45","40"
"INTIMIDATION","002","19"
"KIDNAPPING","5","31"
"ARSON","004","37"
"DECEPTIVE PRACTICE","007","48"
"OFFENSE INVOLVING CHILDREN","014","42"
"KIDNAPPING","40","58"
"OBSCENITY","25","32"
"INTIMIDATION","019","8"
"NON-CRIMINAL","56","5"
"PUBLIC INDECENCY","009","2"
"HUMAN TRAFFICKING","10","1"
"STALKING","024","4"
"OTHER NARCOTIC VIOLATION","001","1"
"HUMAN TRAFFICKING","18","1"
"OBSCENITY","54","4"
"CRIMINAL DAMAGE","13","3249"
"DECEPTIVE PRACTICE","2","5349"
"NARCOTICS","76","2556"
"BATTERY","48","6186"
"THEFT","34","6899"
"WEAPONS VIOLATION","47","225"
"DECEPTIVE PRACTICE","44","7241"
"CRIMINAL TRESPASS","29","3926"
"THEFT","56","11791"
"CRIMINAL DAMAGE","33","4168"
"ROBBERY","40","3514"
"CRIMINAL TRESPASS","11","757"
"WEAPONS VIOLATION","8","1459"
"OTHER OFFENSE","38","6100"
"DECEPTIVE PRACTICE","63","1937"
"THEFT","50","4807"
"OFFENSE INVOLVING CHILDREN","23","1662"
"BURGLARY","33","1411"
"OFFENSE INVOLVING CHILDREN","67","1473"
"CRIMINAL TRESPASS","8","13585"
"PUBLIC PEACE VIOLATION","8","1308"
"DECEPTIVE PRACTICE","13","1537"
"MOTOR VEHICLE THEFT","57","1618"
"INTERFERENCE WITH PUBLIC OFFICER","19","376"
"SEX OFFENSE","67","591"
"STALKING","24","115"
"ASSAULT","48","2554"
"WEAPONS VIOLATION","51","876"
"BURGLARY","57","1994"
"INTIMIDATION","67","82"
"NARCOTICS","42","12556"
"CRIMINAL TRESPASS","54","995"
"STALKING","35","60"
"DECEPTIVE PRACTICE","20","1453"
"BATTERY","1123","42"
"BATTERY","1633","26"
"ROBBERY","36","528"
"BATTERY","50","5119"
"KIDNAPPING","43","194"
"THEFT","47","1469"
"NARCOTICS","21","2695"
"NARCOTICS","56","3255"
"OFFENSE INVOLVING CHILDREN","13","172"
"OFFENSE INVOLVING CHILDREN","5","218"
"CRIMINAL SEXUAL ASSAULT","57","26"
"BATTERY","0915","22"
"ASSAULT","1422","3"
"SEX OFFENSE","13","145"
"OFFENSE INVOLVING CHILDREN","6","278"
"BATTERY","0814","8"
"BATTERY","2023","13"
"STALKING","6","94"
"PUBLIC PEACE VIOLATION","41","124"
"BATTERY","0925","15"
"BATTERY","1214","8"
"OFFENSE INVOLVING CHILDREN","45","303"
"ASSAULT","0511","6"
"BATTERY","1821","25"
"OBSCENITY","28","20"
"ROBBERY","9","40"
"NON-CRIMINAL","50","3"
"LIQUOR LAW VIOLATION","27","134"
"LIQUOR LAW VIOLATION","73","39"
"HOMICIDE","59","39"
"HOMICIDE","4","20"
"HOMICIDE","7","21"
"BURGLARY","012","161"
"CRIM SEXUAL ASSAULT","69","759"
"ARSON","36","22"
"NON-CRIMINAL","76","20"
"INTIMIDATION","45","24"
"GAMBLING","018","11"
"PROSTITUTION","63","172"
"PUBLIC PEACE VIOLATION","011","250"
"NARCOTICS","020","531"
"GAMBLING","1","153"
"OTHER OFFENSE","014","169"
"CRIM SEXUAL ASSAULT","39","152"
"GAMBLING","006","24"
"SEX OFFENSE","014","57"
"ROBBERY","019","37"
"OBSCENITY","68","11"
"STALKING","008","5"
"GAMBLING","77","52"
"LIQUOR LAW VIOLATION","47","8"
"INTERFERENCE WITH PUBLIC OFFICER","36","18"
"KIDNAPPING","022","15"
"PUBLIC INDECENCY","11","1"
"LIQUOR LAW VIOLATION","50","11"
"OBSCENITY","64","7"
"STALKING","006","5"
"OBSCENITY","69","9"
"PUBLIC INDECENCY","3","1"
"PROSTITUTION","007","1"
"ASSAULT","0735","6"
"HUMAN TRAFFICKING","42","1"
"ASSAULT","0811","3"
"HUMAN TRAFFICKING","25","6"
"PUBLIC INDECENCY","14","1"
"OTHER NARCOTIC VIOLATION","28","3"
"PUBLIC INDECENCY","50","2"
"ASSAULT","0532","4"
"ASSAULT","0824","1"
"NARCOTICS","27","29593"
"MOTOR VEHICLE THEFT","16","5486"
"BATTERY","35","13292"
"MOTOR VEHICLE THEFT","33","1968"
"SEX OFFENSE","3","756"
"WEAPONS VIOLATION","55","145"
"DECEPTIVE PRACTICE","22","6252"
"THEFT","31","15040"
"NARCOTICS","28","12707"
"ASSAULT","61","10174"
"CRIMINAL TRESPASS","23","3451"
"WEAPONS VIOLATION","17","202"
"CRIMINAL DAMAGE","45","4100"
"NARCOTICS","68","20399"
"CRIMINAL TRESPASS","10","674"
"CRIMINAL DAMAGE","15","12938"
"CRIMINAL TRESPASS","3","3865"
"BATTERY","1731","8"
"BURGLARY","22","11090"
"MOTOR VEHICLE THEFT","012","3257"
"DECEPTIVE PRACTICE","57","1080"
"SEX OFFENSE","6","602"
"BATTERY","2234","24"
"ASSAULT","50","2313"
"OFFENSE INVOLVING CHILDREN","58","808"
"MOTOR VEHICLE THEFT","9","168"
"BATTERY","0533","30"
"CRIMINAL TRESPASS","64","466"
"BATTERY","1213","6"
"BATTERY","1823","6"
"STALKING","42","72"
"PUBLIC PEACE VIOLATION","50","138"
"ARSON","30","339"
"ASSAULT","1821","4"
"BATTERY","1915","10"
"ASSAULT","0413","7"
"NARCOTICS","48","2075"
"HOMICIDE","68","519"
"NARCOTICS","52","2076"
"LIQUOR LAW VIOLATION","48","68"
"SEX OFFENSE","59","136"
"BATTERY","0631","29"
"GAMBLING","66","481"
"BATTERY","0613","24"
"THEFT","009","1287"
"INTERFERENCE WITH PUBLIC OFFICER","77","78"
"STALKING","66","62"
"BATTERY","0214","20"
"ARSON","58","210"
"ARSON","77","64"
"ASSAULT","2013","3"
"KIDNAPPING","38","72"
"CRIMINAL SEXUAL ASSAULT","74","7"
"OBSCENITY","56","9"
"NON-CRIMINAL","48","1"
"INTIMIDATION","59","25"
"THEFT","018","1382"
"BATTERY","001","1208"
"OBSCENITY","44","11"
"OBSCENITY","52","2"
"ASSAULT","0922","2"
"BATTERY","005","4495"
"PUBLIC PEACE VIOLATION","002","201"
"BATTERY","016","1662"
"CRIMINAL DAMAGE","","70119"
"ASSAULT","0715","2"
"HOMICIDE","57","27"
"ASSAULT","0934","4"
"BATTERY","1653","6"
"GAMBLING","57","8"
"CONCEALED CARRY LICENSE VIOLATION","50","5"
"ASSAULT","018","441"
"CRIMINAL TRESPASS","016","360"
"CRIM SEXUAL ASSAULT","65","155"
"ARSON","007","17"
"GAMBLING","4","56"
"CRIM SEXUAL ASSAULT","59","68"
"GAMBLING","33","33"
"LIQUOR LAW VIOLATION","64","53"
"CRIM SEXUAL ASSAULT","64","73"
"PROSTITUTION","33","56"
"DECEPTIVE PRACTICE","008","111"
"OBSCENITY","020","4"
"GAMBLING","22","29"
"RITUALISM","71","1"
"INTIMIDATION","007","14"
"OTHER NARCOTIC VIOLATION","20","1"
"INTIMIDATION","014","6"
"KIDNAPPING","005","10"
"PUBLIC INDECENCY","16","1"
"PROSTITUTION","010","2"
"HUMAN TRAFFICKING","69","7"
"OBSCENITY","003","1"
"NON-CRIMINAL","66","7"
"HUMAN TRAFFICKING","52","1"
"OBSCENITY","76","2"
"PUBLIC INDECENCY","53","1"
"PUBLIC INDECENCY","010","1"
"PUBLIC INDECENCY","015","1"
"DECEPTIVE PRACTICE","19","5262"
"ROBBERY","43","10343"
"DECEPTIVE PRACTICE","72","2265"
"SEX OFFENSE","30","675"
"BATTERY","34","3993"
"MOTOR VEHICLE THEFT","36","881"
"ASSAULT","73","5475"
"OTHER OFFENSE","49","12295"
"ASSAULT","11","1684"
"BATTERY","1011","70"
"OTHER OFFENSE","15","7583"
"DECEPTIVE PRACTICE","31","2777"
"BURGLARY","25","16823"
"OFFENSE INVOLVING CHILDREN","2","701"
"ASSAULT","17","2513"
"THEFT","53","14618"
"WEAPONS VIOLATION","32","566"
"SEX OFFENSE","8","786"
"BATTERY","1622","12"
"ASSAULT","10","1592"
"WEAPONS VIOLATION","45","651"
"NARCOTICS","44","11344"
"DECEPTIVE PRACTICE","40","1760"
"NARCOTICS","69","15557"
"LIQUOR LAW VIOLATION","8","654"
"CONCEALED CARRY LICENSE VIOLATION","56","153"
"BATTERY","64","4445"
"OFFENSE INVOLVING CHILDREN","71","1934"
"BURGLARY","40","3963"
"OTHER OFFENSE","36","1377"
"BATTERY","2411","7"
"OFFENSE INVOLVING CHILDREN","49","1552"
"SEX OFFENSE","71","561"
"ASSAULT","0611","6"
"BATTERY","1421","7"
"BATTERY","0924","15"
"CRIMINAL TRESPASS","15","1799"
"DECEPTIVE PRACTICE","9","739"
"BATTERY","1924","22"
"PUBLIC PEACE VIOLATION","3","861"
"INTERFERENCE WITH PUBLIC OFFICER","58","143"
"STALKING","33","47"
"BATTERY","0725","34"
"OFFENSE INVOLVING CHILDREN","11","269"
"OFFENSE INVOLVING CHILDREN","60","300"
"BATTERY","1921","8"
"BATTERY","0621","33"
"ARSON","2","124"
"LIQUOR LAW VIOLATION","61","312"
"ROBBERY","011","109"
"BATTERY","2514","13"
"BATTERY","0124","23"
"ARSON","20","167"
"INTIMIDATION","71","110"
"BATTERY","2412","13"
"LIQUOR LAW VIOLATION","34","77"
"KIDNAPPING","74","87"
"CONCEALED CARRY LICENSE VIOLATION","6","14"
"ASSAULT","1122","6"
"PUBLIC INDECENCY","32","18"
"INTIMIDATION","58","58"
"OTHER OFFENSE","019","202"
"BATTERY","2211","13"
"BATTERY","011","4529"
"THEFT","005","1762"
"INTIMIDATION","60","51"
"STALKING","9","9"
"ARSON","37","37"
"ARSON","35","43"
"ARSON","60","118"
"ASSAULT","1833","4"
"ARSON","70","109"
"HOMICIDE","5","22"
"BURGLARY","008","172"
"ASSAULT","0314","5"
"ASSAULT","1212","7"
"THEFT","015","917"
"OTHER OFFENSE","","39248"
"KIDNAPPING","53","141"
"HOMICIDE","72","15"
"GAMBLING","63","37"
"ASSAULT","1812","2"
"PROSTITUTION","28","1861"
"CRIM SEXUAL ASSAULT","17","93"
"CRIMINAL TRESPASS","","16340"
"ASSAULT","011","2243"
"WEAPONS VIOLATION","018","118"
"CRIMINAL TRESPASS","010","296"
"INTIMIDATION","37","34"
"NARCOTICS","003","300"
"GAMBLING","7","16"
"INTERFERENCE WITH PUBLIC OFFICER","2","143"
"KIDNAPPING","12","29"
"PROSTITUTION","32","510"
"DECEPTIVE PRACTICE","0","8"
"WEAPONS VIOLATION","009","297"
"PROSTITUTION","35","76"
"INTIMIDATION","025","12"
"CRIM SEXUAL ASSAULT","016","8"
"PROSTITUTION","17","12"
"INTERFERENCE WITH PUBLIC OFFICER","007","3"
"NON-CRIMINAL (SUBJECT SPECIFIED)","60","1"
"HUMAN TRAFFICKING","68","1"
"OTHER NARCOTIC VIOLATION","003","1"
"OTHER NARCOTIC VIOLATION","65","1"
"CONCEALED CARRY LICENSE VIOLATION","18","1"
"OTHER NARCOTIC VIOLATION","76","1"
"NON-CRIMINAL","67","2"
"ASSAULT","2411","2"
"PUBLIC INDECENCY","73","1"
"CONCEALED CARRY LICENSE VIOLATION","11","1"
"ASSAULT","2011","1"
"ASSAULT","0815","1"
"OTHER NARCOTIC VIOLATION","37","1"
"ROBBERY","44","8150"
"MOTOR VEHICLE THEFT","66","8707"
"THEFT","43","36257"
"ROBBERY","16","2308"
"CRIMINAL DAMAGE","59","4618"
"THEFT","1","24051"
"THEFT","46","18607"
"MOTOR VEHICLE THEFT","38","4899"
"WEAPONS VIOLATION","46","2433"
"MOTOR VEHICLE THEFT","41","2526"
"NARCOTICS","19","7323"
"WEAPONS VIOLATION","31","1021"
"DECEPTIVE PRACTICE","5","3270"
"THEFT","15","20315"
"THEFT","51","8597"
"WEAPONS VIOLATION","14","580"
"THEFT","45","6649"
"SEX OFFENSE","2","440"
"DECEPTIVE PRACTICE","61","3608"
"THEFT","12","3354"
"ROBBERY","73","3399"
"CRIMINAL SEXUAL ASSAULT","16","67"
"BURGLARY","7","7986"
"CRIMINAL TRESPASS","22","2690"
"INTERFERENCE WITH PUBLIC OFFICER","20","133"
"SEX OFFENSE","70","243"
"ASSAULT","29","12974"
"CRIMINAL TRESPASS","21","1238"
"WEAPONS VIOLATION","39","319"
"OTHER OFFENSE","41","2849"
"ASSAULT","001","559"
"BATTERY","0413","48"
"ROBBERY","14","2394"
"THEFT","55","3024"
"MOTOR VEHICLE THEFT","39","2108"
"BATTERY","2233","21"
"SEX OFFENSE","72","99"
"BATTERY","0934","20"
"CRIMINAL SEXUAL ASSAULT","20","38"
"NARCOTICS","70","2237"
"KIDNAPPING","72","74"
"BATTERY","2222","25"
"OFFENSE INVOLVING CHILDREN","70","608"
"PUBLIC PEACE VIOLATION","51","261"
"HOMICIDE","44","352"
"BATTERY","2013","12"
"KIDNAPPING","46","146"
"ASSAULT","1834","9"
"STALKING","36","16"
"MOTOR VEHICLE THEFT","006","3679"
"NARCOTICS","54","2017"
"BATTERY","0314","9"
"ARSON","62","66"
"BATTERY","1234","18"
"INTERFERENCE WITH PUBLIC OFFICER","35","130"
"INTERFERENCE WITH PUBLIC OFFICER","60","74"
"ASSAULT","0531","4"
"ASSAULT","0925","7"
"ASSAULT","1653","2"
"BATTERY","1922","5"
"ROBBERY","005","138"
"ASSAULT","0522","8"
"SEX OFFENSE","019","79"
"ASSAULT","1911","2"
"PROSTITUTION","5","126"
"INTIMIDATION","13","17"
"CRIMINAL TRESPASS","020","429"
"HOMICIDE","16","58"
"KIDNAPPING","14","52"
"BATTERY","020","1565"
"BATTERY","010","2809"
"CRIM SEXUAL ASSAULT","21","245"
"GAMBLING","19","61"
"WEAPONS VIOLATION","011","397"
"PROSTITUTION","77","150"
"LIQUOR LAW VIOLATION","016","38"
"BURGLARY","022","165"
"DECEPTIVE PRACTICE","002","102"
"PUBLIC PEACE VIOLATION","019","99"
"SEX OFFENSE","004","119"
"PROSTITUTION","39","10"
"PROSTITUTION","019","1"
"GAMBLING","72","4"
"CRIM SEXUAL ASSAULT","001","17"
"OBSCENITY","012","7"
"NON - CRIMINAL","15","1"
"PUBLIC INDECENCY","1","3"
"CONCEALED CARRY LICENSE VIOLATION","45","3"
"PROSTITUTION","018","1"
"ASSAULT","1931","1"
"PUBLIC INDECENCY","51","2"
"ASSAULT","2533","2"
"OBSCENITY","007","1"
"ASSAULT","1654","1"
"RITUALISM","8","2"
"CRIMINAL TRESPASS","24","4149"
"BATTERY","31","11767"
"CRIMINAL DAMAGE","26","10698"
"THEFT","76","13382"
"DECEPTIVE PRACTICE","64","1692"
"THEFT","49","26408"
"BATTERY","68","43817"
"CRIMINAL DAMAGE","70","9778"
"OTHER OFFENSE","56","3634"
"ASSAULT","27","8149"
"DECEPTIVE PRACTICE","8","25557"
"ASSAULT","31","5007"
"OTHER OFFENSE","16","5386"
"ASSAULT","57","1171"
"THEFT","13","6463"
"THEFT","70","11961"
"OTHER OFFENSE","54","2132"
"BURGLARY","8","5764"
"NARCOTICS","24","9030"
"THEFT","48","7597"
"ARSON","18","40"
"NARCOTICS","15","5238"
"OTHER OFFENSE","68","10489"
"LIQUOR LAW VIOLATION","46","200"
"CRIMINAL DAMAGE","54","4363"
"BURGLARY","35","1705"
"OTHER OFFENSE","47","739"
"CRIMINAL TRESPASS","75","1323"
"ASSAULT","2512","1"
"PUBLIC PEACE VIOLATION","25","2542"
"SEX OFFENSE","56","223"
"STALKING","49","109"
"ASSAULT","0224","4"
"ASSAULT","74","1025"
"SEX OFFENSE","46","421"
"ASSAULT","0912","3"
"CONCEALED CARRY LICENSE VIOLATION","16","3"
"NARCOTICS","36","1041"
"STALKING","76","28"
"OBSCENITY","39","6"
"BATTERY","1115","24"
"ASSAULT","0712","4"
"BATTERY","2525","7"
"BATTERY","2522","12"
"INTERFERENCE WITH PUBLIC OFFICER","42","383"
"CONCEALED CARRY LICENSE VIOLATION","31","8"
"BATTERY","0935","17"
"OFFENSE INVOLVING CHILDREN","38","592"
"INTERFERENCE WITH PUBLIC OFFICER","73","214"
"CRIMINAL SEXUAL ASSAULT","65","42"
"CONCEALED CARRY LICENSE VIOLATION","47","3"
"CONCEALED CARRY LICENSE VIOLATION","72","2"
"INTIMIDATION","53","74"
"PROSTITUTION","60","215"
"INTERFERENCE WITH PUBLIC OFFICER","18","18"
"INTIMIDATION","43","113"
"STALKING","54","26"
"KIDNAPPING","6","38"
"ASSAULT","0513","5"
"DECEPTIVE PRACTICE","011","45"
"INTERFERENCE WITH PUBLIC OFFICER","38","211"
"ARSON","005","16"
"OTHER OFFENSE","004","242"
"CRIMINAL DAMAGE","004","881"
"CONCEALED CARRY LICENSE VIOLATION","68","40"
"CONCEALED CARRY LICENSE VIOLATION","26","18"
"CRIM SEXUAL ASSAULT","53","513"
"ROBBERY","014","20"
"SEX OFFENSE","006","80"
"GAMBLING","8","97"
"CRIM SEXUAL ASSAULT","25","1672"
"WEAPONS VIOLATION","016","131"
"LIQUOR LAW VIOLATION","49","98"
"PROSTITUTION","4","197"
"INTIMIDATION","22","74"
"ROBBERY","020","29"
"OFFENSE INVOLVING CHILDREN","017","35"
"ARSON","018","4"
"PUBLIC INDECENCY","34","2"
"NON - CRIMINAL","30","1"
"ARSON","008","16"
"ARSON","009","9"
"KIDNAPPING","007","6"
"OBSCENITY","019","5"
"NON-CRIMINAL","33","3"
"PUBLIC INDECENCY","67","2"
"ASSAULT","1724","1"
"ASSAULT","1114","2"
"CONCEALED CARRY LICENSE VIOLATION","54","2"
"NON-CRIMINAL","14","2"
"ASSAULT","1424","3"
"HUMAN TRAFFICKING","012","1"
"DECEPTIVE PRACTICE","73","3668"
"BATTERY","42","23065"
"ASSAULT","49","13812"
"CRIMINAL DAMAGE","57","4051"
"BATTERY","16","12529"
"CRIMINAL DAMAGE","31","9471"
"OTHER OFFENSE","27","6556"
"MOTOR VEHICLE THEFT","27","5211"
"BATTERY","57","3088"
"NARCOTICS","32","3669"
"ASSAULT","42","8058"
"BATTERY","14","11013"
"OTHER OFFENSE","72","2196"
"CRIMINAL TRESPASS","1","3925"
"ASSAULT","54","3163"
"OFFENSE INVOLVING CHILDREN","14","561"
"MOTOR VEHICLE THEFT","48","2356"
"PUBLIC PEACE VIOLATION","5","199"
"NARCOTICS","53","11508"
"ROBBERY","58","2470"
"ARSON","29","389"
"BURGLARY","3","3995"
"WEAPONS VIOLATION","48","668"
"BATTERY","1533","43"
"ASSAULT","0222","4"
"ARSON","46","231"
"BURGLARY","64","2204"
"ASSAULT","0711","13"
"BURGLARY","50","1276"
"INTERFERENCE WITH PUBLIC OFFICER","29","646"
"OFFENSE INVOLVING CHILDREN","29","1327"
"ARSON","42","137"
"ASSAULT","0313","10"
"CRIMINAL TRESPASS","39","1004"
"ASSAULT","72","1348"
"ASSAULT","47","829"
"SEX OFFENSE","38","288"
"CRIMINAL SEXUAL ASSAULT","69","149"
"BATTERY","0133","36"
"BATTERY","0224","28"
"OFFENSE INVOLVING CHILDREN","77","363"
"WEAPONS VIOLATION","21","489"
"BATTERY","0912","16"
"BATTERY","1232","12"
"SEX OFFENSE","16","440"
"WEAPONS VIOLATION","6","342"
"INTERFERENCE WITH PUBLIC OFFICER","46","424"
"ARSON","31","157"
"HOMICIDE","73","187"
"ARSON","16","173"
"BATTERY","0815","14"
"CRIMINAL SEXUAL ASSAULT","62","17"
"INTERFERENCE WITH PUBLIC OFFICER","31","112"
"PUBLIC PEACE VIOLATION","52","271"
"STALKING","26","41"
"LIQUOR LAW VIOLATION","16","208"
"KIDNAPPING","76","13"
"ASSAULT","1023","10"
"HUMAN TRAFFICKING","41","3"
"BATTERY","0812","9"
"SEX OFFENSE","54","138"
"BATTERY","0714","17"
"PUBLIC PEACE VIOLATION","63","884"
"INTIMIDATION","63","45"
"ASSAULT","0713","4"
"OTHER NARCOTIC VIOLATION","22","5"
"OTHER NARCOTIC VIOLATION","32","16"
"ASSAULT","1021","6"
"INTIMIDATION","7","33"
"HUMAN TRAFFICKING","15","3"
"KIDNAPPING","59","19"
"OBSCENITY","43","22"
"STALKING","68","81"
"PROSTITUTION","22","1559"
"HUMAN TRAFFICKING","53","1"
"HOMICIDE","50","47"
"ROBBERY","003","104"
"CRIM SEXUAL ASSAULT","24","566"
"NARCOTICS","012","1009"
"HUMAN TRAFFICKING","32","4"
"THEFT","016","1076"
"OBSCENITY","","24"
"NARCOTICS","019","488"
"WEAPONS VIOLATION","007","364"
"STALKING","47","7"
"PROSTITUTION","40","1280"
"GAMBLING","3","94"
"GAMBLING","35","119"
"CRIM SEXUAL ASSAULT","51","162"
"CRIM SEXUAL ASSAULT","63","260"
"GAMBLING","64","17"
"LIQUOR LAW VIOLATION","017","54"
"BURGLARY","020","25"
"DECEPTIVE PRACTICE","009","57"
"INTERFERENCE WITH PUBLIC OFFICER","018","3"
"INTERFERENCE WITH PUBLIC OFFICER","009","8"
"GAMBLING","001","4"
"LIQUOR LAW VIOLATION","022","12"
"ASSAULT","1623","7"
"ASSAULT","1423","1"
"PUBLIC INDECENCY","21","1"
"CONCEALED CARRY LICENSE VIOLATION","27","15"
"NON-CRIMINAL","77","2"
"BATTERY","77","11068"
"THEFT","21","15854"
"CRIMINAL SEXUAL ASSAULT","8","447"
"CRIMINAL DAMAGE","68","19973"
"MOTOR VEHICLE THEFT","49","7331"
"ASSAULT","26","7372"
"BATTERY","74","2130"
"OTHER OFFENSE","26","5684"
"BATTERY","26","25427"
"MOTOR VEHICLE THEFT","76","1558"
"CRIMINAL DAMAGE","72","3650"
"BATTERY","0222","36"
"BURGLARY","65","3822"
"CRIMINAL TRESPASS","53","2089"
"OTHER OFFENSE","42","7857"
"DECEPTIVE PRACTICE","35","3158"
"CRIMINAL TRESPASS","25","7864"
"ROBBERY","60","987"
"ASSAULT","16","4060"
"OTHER OFFENSE","9","794"
"ASSAULT","9","379"
"OFFENSE INVOLVING CHILDREN","18","149"
"BURGLARY","62","2494"
"MOTOR VEHICLE THEFT","68","7478"
"WEAPONS VIOLATION","70","643"
"BURGLARY","69","9839"
"BATTERY","1021","52"
"CRIMINAL TRESPASS","7","3130"
"MOTOR VEHICLE THEFT","13","1217"
"ROBBERY","3","3137"
"ARSON","66","373"
"BATTERY","0732","22"
"CRIMINAL DAMAGE","47","1499"
"INTIMIDATION","24","105"
"MOTOR VEHICLE THEFT","016","1055"
"CRIMINAL DAMAGE","56","9082"
"SEX OFFENSE","18","63"
"PUBLIC PEACE VIOLATION","44","658"
"CRIMINAL SEXUAL ASSAULT","3","135"
"OFFENSE INVOLVING CHILDREN","73","794"
"ASSAULT","1012","3"
"LIQUOR LAW VIOLATION","14","266"
"BATTERY","1933","31"
"PUBLIC PEACE VIOLATION","19","967"
"CRIMINAL TRESPASS","5","1716"
"SEX OFFENSE","49","567"
"CRIMINAL TRESPASS","41","1063"
"SEX OFFENSE","77","353"
"BATTERY","1111","37"
"BATTERY","1135","30"
"CRIMINAL SEXUAL ASSAULT","64","20"
"CRIMINAL SEXUAL ASSAULT","11","23"
"PUBLIC PEACE VIOLATION","75","261"
"BATTERY","1423","11"
"BATTERY","1031","21"
"CRIMINAL TRESPASS","12","306"
"OFFENSE INVOLVING CHILDREN","33","224"
"BATTERY","1124","21"
"CRIMINAL TRESPASS","63","994"
"SEX OFFENSE","14","416"
"BATTERY","1623","17"
"THEFT","007","2050"
"KIDNAPPING","21","59"
"BATTERY","1814","9"
"ARSON","14","109"
"INTERFERENCE WITH PUBLIC OFFICER","66","493"
"ASSAULT","2212","3"
"OTHER NARCOTIC VIOLATION","1","5"
"KIDNAPPING","34","7"
"CRIM SEXUAL ASSAULT","28","632"
"CRIM SEXUAL ASSAULT","1","443"
"INTERFERENCE WITH PUBLIC OFFICER","14","118"
"OBSCENITY","41","9"
"ASSAULT","1132","4"
"ASSAULT","008","2155"
"BATTERY","022","4046"
"CONCEALED CARRY LICENSE VIOLATION","42","9"
"PROSTITUTION","19","1338"
"NARCOTICS","","66171"
"SEX OFFENSE","022","101"
"SEX OFFENSE","017","74"
"GAMBLING","73","149"
"CRIM SEXUAL ASSAULT","75","184"
"OFFENSE INVOLVING CHILDREN","015","51"
"CRIMINAL TRESPASS","012","387"
"CRIM SEXUAL ASSAULT","5","124"
"SEX OFFENSE","015","59"
"CRIM SEXUAL ASSAULT","32","329"
"GAMBLING","50","27"
"DECEPTIVE PRACTICE","001","124"
"INTERFERENCE WITH PUBLIC OFFICER","015","6"
"GAMBLING","11","17"
"GAMBLING","58","18"
"CRIM SEXUAL ASSAULT","012","40"
"INTERFERENCE WITH PUBLIC OFFICER","005","8"
"PROSTITUTION","52","3"
"KIDNAPPING","016","8"
"PUBLIC INDECENCY","6","8"
"CRIM SEXUAL ASSAULT","12","24"
"INTERFERENCE WITH PUBLIC OFFICER","008","7"
"NON - CRIMINAL","58","1"
"STALKING","022","3"
"OTHER NARCOTIC VIOLATION","7","3"
"OTHER NARCOTIC VIOLATION","15","5"
"OBSCENITY","51","2"
"INTIMIDATION","12","4"
"CONCEALED CARRY LICENSE VIOLATION","008","1"
"ASSAULT","1014","3"
"NON - CRIMINAL","28","1"
"CONCEALED CARRY LICENSE VIOLATION","74","2"
"ASSAULT","46","10345"
"CRIMINAL DAMAGE","46","15999"
"ROBBERY","23","8546"
"THEFT","68","23295"
"BURGLARY","71","12928"
"THEFT","17","9326"
"CRIMINAL SEXUAL ASSAULT","19","115"
"MOTOR VEHICLE THEFT","21","4522"
"DECEPTIVE PRACTICE","38","3298"
"SEX OFFENSE","50","86"
"CRIMINAL TRESPASS","69","5712"
"ROBBERY","8","6653"
"CRIMINAL TRESPASS","20","613"
"OTHER OFFENSE","14","4375"
"BATTERY","1133","45"
"NARCOTICS","7","1471"
"ROBBERY","62","981"
"KIDNAPPING","57","41"
"CRIMINAL SEXUAL ASSAULT","73","71"
"OFFENSE INVOLVING CHILDREN","3","563"
"BATTERY","2011","14"
"OBSCENITY","63","12"
"ROBBERY","4","1150"
"ARSON","9","13"
"OBSCENITY","53","3"
"ARSON","49","358"
"BATTERY","1932","2"
"ROBBERY","37","1210"
"LIQUOR LAW VIOLATION","66","237"
"BATTERY","007","4280"
"NARCOTICS","51","2753"
"PUBLIC PEACE VIOLATION","2","422"
"STALKING","38","63"
"OFFENSE INVOLVING CHILDREN","57","202"
"PUBLIC PEACE VIOLATION","1","592"
"WEAPONS VIOLATION","10","56"
"BATTERY","1422","16"
"INTERFERENCE WITH PUBLIC OFFICER","49","668"
"ASSAULT","1925","3"
"PUBLIC PEACE VIOLATION","40","336"
"BATTERY","0911","6"
"KIDNAPPING","67","170"
"ASSAULT","1915","4"
"OFFENSE INVOLVING CHILDREN","47","92"
"INTERFERENCE WITH PUBLIC OFFICER","65","43"
"ASSAULT","1135","4"
"INTIMIDATION","23","83"
"BURGLARY","017","72"
"ASSAULT","1731","1"
"BATTERY","1724","3"
"BATTERY","004","5930"
"ASSAULT","0822","2"
"ASSAULT","0814","1"
"PUBLIC PEACE VIOLATION","36","53"
"ASSAULT","1923","2"
"CRIMINAL DAMAGE","005","625"
"HOMICIDE","62","30"
"HOMICIDE","74","3"
"PUBLIC PEACE VIOLATION","37","156"
"KIDNAPPING","","1156"
"INTIMIDATION","","341"
"CRIMINAL DAMAGE","006","514"
"OTHER OFFENSE","005","205"
"GAMBLING","38","228"
"GAMBLING","18","13"
"PUBLIC PEACE VIOLATION","003","277"
"PROSTITUTION","2","140"
"OTHER OFFENSE","007","198"
"OTHER OFFENSE","008","336"
"LIQUOR LAW VIOLATION","015","12"
"PUBLIC PEACE VIOLATION","024","58"
"NARCOTICS","007","420"
"NARCOTICS","024","133"
"ROBBERY","006","107"
"GAMBLING","003","23"
"INTERFERENCE WITH PUBLIC OFFICER","72","28"
"CRIM SEXUAL ASSAULT","52","106"
"ARSON","74","15"
"GAMBLING","2","72"
"BURGLARY","018","57"
"OTHER OFFENSE","011","216"
"CRIM SEXUAL ASSAULT","002","42"
"PUBLIC INDECENCY","45","1"
"INTERFERENCE WITH PUBLIC OFFICER","9","3"
"PUBLIC INDECENCY","10","1"
"INTERFERENCE WITH PUBLIC OFFICER","011","11"
"NON-CRIMINAL","31","1"
"KIDNAPPING","36","10"
"PUBLIC INDECENCY","","12"
"DECEPTIVE PRACTICE","1222","1"
"PUBLIC INDECENCY","41","2"
"CRIMINAL SEXUAL ASSAULT","009","1"
"ASSAULT","1112","6"
"PUBLIC INDECENCY","42","1"
"CONCEALED CARRY LICENSE VIOLATION","21","1"
"NON - CRIMINAL","22","1"
"ASSAULT","2233","1"
"HUMAN TRAFFICKING","22","1"
"MOTOR VEHICLE THEFT","6","5032"
"THEFT","10","7706"
"ASSAULT","66","11860"
"OTHER OFFENSE","67","11548"
"BATTERY","29","43879"
"BATTERY","67","46478"
"OFFENSE INVOLVING CHILDREN","46","1439"
"SEX OFFENSE","73","275"
"BATTERY","49","36922"
"CRIMINAL DAMAGE","77","7691"
"BATTERY","27","25883"
"NARCOTICS","43","18421"
"MOTOR VEHICLE THEFT","67","7674"
"DECEPTIVE PRACTICE","42","3669"
"THEFT","54","3162"
"BATTERY","0825","19"
"BURGLARY","61","7432"
"BURGLARY","42","6858"
"THEFT","9","1491"
"NARCOTICS","12","330"
"MOTOR VEHICLE THEFT","010","2394"
"BURGLARY","2","6405"
"CRIMINAL SEXUAL ASSAULT","61","100"
"CRIMINAL SEXUAL ASSAULT","14","84"
"BATTERY","0712","23"
"CRIMINAL TRESPASS","45","593"
"DECEPTIVE PRACTICE","62","1336"
"DECEPTIVE PRACTICE","74","1361"
"BATTERY","0113","34"
"INTERFERENCE WITH PUBLIC OFFICER","61","518"
"STALKING","21","36"
"OFFENSE INVOLVING CHILDREN","26","676"
"INTERFERENCE WITH PUBLIC OFFICER","67","849"
"DECEPTIVE PRACTICE","018","102"
"PUBLIC PEACE VIOLATION","71","1085"
"STALKING","31","55"
"NARCOTICS","34","1507"
"HUMAN TRAFFICKING","7","2"
"BATTERY","0522","45"
"ASSAULT","1113","4"
"HOMICIDE","69","458"
"LIQUOR LAW VIOLATION","38","72"
"PUBLIC INDECENCY","49","2"
"LIQUOR LAW VIOLATION","68","147"
"STALKING","56","40"
"MOTOR VEHICLE THEFT","022","1956"
"INTERFERENCE WITH PUBLIC OFFICER","68","627"
"ASSAULT","1433","1"
"KIDNAPPING","49","205"
"OBSCENITY","7","9"
"INTIMIDATION","19","117"
"ASSAULT","0911","1"
"CRIMINAL SEXUAL ASSAULT","37","15"
"ROBBERY","12","125"
"OBSCENITY","24","19"
"INTERFERENCE WITH PUBLIC OFFICER","74","15"
"PROSTITUTION","30","1251"
"THEFT","","119305"
"OFFENSE INVOLVING CHILDREN","011","60"
"ASSAULT","1234","3"
"HOMICIDE","64","19"
"ASSAULT","006","1868"
"PROSTITUTION","71","1001"
"CRIM SEXUAL ASSAULT","40","301"
"LIQUOR LAW VIOLATION","77","184"
"CRIM SEXUAL ASSAULT","019","18"
"LIQUOR LAW VIOLATION","9","11"
"DECEPTIVE PRACTICE","005","55"
"BURGLARY","001","69"
"GAMBLING","60","20"
"GAMBLING","52","7"
"SEX OFFENSE","011","81"
"CRIM SEXUAL ASSAULT","60","141"
"DECEPTIVE PRACTICE","015","28"
"OBSCENITY","22","13"
"OBSCENITY","15","14"
"CRIM SEXUAL ASSAULT","003","14"
"KIDNAPPING","012","6"
"LIQUOR LAW VIOLATION","006","14"
"PROSTITUTION","51","7"
"WEAPONS VIOLATION","9","9"
"INTIMIDATION","012","19"
"NON - CRIMINAL","24","1"
"OTHER NARCOTIC VIOLATION","4","2"
"NON - CRIMINAL","35","1"
"PUBLIC INDECENCY","54","1"
"ASSAULT","1124","2"
"OBSCENITY","59","3"
"GAMBLING","017","2"
"ASSAULT","0812","1"
"LIQUOR LAW VIOLATION","001","2"
"ASSAULT","43","16926"
"ASSAULT","62","1418"
"THEFT","75","11114"
"THEFT","38","15932"
"ASSAULT","65","2493"
"THEFT","61","22646"
"MOTOR VEHICLE THEFT","25","17399"
"ASSAULT","22","7560"
"OTHER OFFENSE","24","8698"
"DECEPTIVE PRACTICE","26","4502"
"DECEPTIVE PRACTICE","66","5366"
"ASSAULT","36","1344"
"DECEPTIVE PRACTICE","75","3040"
"CRIMINAL DAMAGE","62","4844"
"BURGLARY","66","12357"
"BURGLARY","1","5501"
"OTHER OFFENSE","20","3372"
"WEAPONS VIOLATION","75","729"
"OTHER OFFENSE","12","1054"
"ROBBERY","1","4549"
"BATTERY","0111","26"
"BATTERY","0225","12"
"MOTOR VEHICLE THEFT","018","873"
"NARCOTICS","46","11890"
"CRIMINAL SEXUAL ASSAULT","63","67"
"ROBBERY","18","363"
"ROBBERY","53","4080"
"NARCOTICS","58","4468"
"MOTOR VEHICLE THEFT","017","1033"
"ASSAULT","0215","4"
"ARSON","69","270"
"CRIMINAL SEXUAL ASSAULT","53","75"
"OFFENSE INVOLVING CHILDREN","52","502"
"ARSON","17","87"
"NARCOTICS","11","932"
"DECEPTIVE PRACTICE","47","335"
"BATTERY","1732","12"
"HOMICIDE","32","38"
"STALKING","32","120"
"OFFENSE INVOLVING CHILDREN","12","85"
"ASSAULT","0432","5"
"CRIMINAL SEXUAL ASSAULT","72","16"
"ARSON","48","44"
"NARCOTICS","60","1817"
"ASSAULT","0132","5"
"MOTOR VEHICLE THEFT","001","1038"
"LIQUOR LAW VIOLATION","69","168"
"BATTERY","1211","15"
"ASSAULT","2223","6"
"BATTERY","1225","30"
"BATTERY","1233","16"
"CONCEALED CARRY LICENSE VIOLATION","1","1"
"KIDNAPPING","19","156"
"ASSAULT","1431","1"
"OBSCENITY","11","11"
"BATTERY","0614","20"
"KIDNAPPING","29","108"
"SEX OFFENSE","003","54"
"KIDNAPPING","55","20"
"INTIMIDATION","3","53"
"INTERFERENCE WITH PUBLIC OFFICER","21","82"
"ASSAULT","2022","1"
"KIDNAPPING","3","46"
"PROSTITUTION","10","35"
"KIDNAPPING","60","49"
"OBSCENITY","46","8"
"HOMICIDE","56","60"
"HOMICIDE","41","30"
"CRIM SEXUAL ASSAULT","29","735"
"ROBBERY","","23133"
"BATTERY","","111892"
"STALKING","","253"
"ROBBERY","004","148"
"ROBBERY","008","160"
"GAMBLING","5","31"
"SEX OFFENSE","012","125"
"OTHER OFFENSE","001","241"
"PUBLIC PEACE VIOLATION","13","115"
"GAMBLING","34","88"
"CRIM SEXUAL ASSAULT","48","158"
"PROSTITUTION","21","280"
"PUBLIC PEACE VIOLATION","010","159"
"CRIM SEXUAL ASSAULT","26","424"
"GAMBLING","51","62"
"LIQUOR LAW VIOLATION","45","13"
"INTIMIDATION","006","12"
"INTERFERENCE WITH PUBLIC OFFICER","17","51"
"INTIMIDATION","009","19"
"GAMBLING","024","16"
"CRIM SEXUAL ASSAULT","13","73"
"PROSTITUTION","76","30"
"GAMBLING","31","8"
"GAMBLING","016","2"
"KIDNAPPING","11","42"
"PUBLIC INDECENCY","61","4"
"OBSCENITY","58","16"
"OTHER NARCOTIC VIOLATION","71","1"
"GAMBLING","55","11"
"STALKING","001","6"
"OBSCENITY","72","3"
"PROSTITUTION","54","4"
"ARSON","016","14"
"BATTERY","2513","5"
"NON-CRIMINAL","39","1"
"NON-CRIMINAL","17","1"
"OTHER NARCOTIC VIOLATION","2","1"
"OTHER NARCOTIC VIOLATION","004","2"
"CONCEALED CARRY LICENSE VIOLATION","40","1"
"ASSAULT","1934","2"
"OTHER NARCOTIC VIOLATION","011","2"
"PROSTITUTION","025","3"
"ASSAULT","15","4898"
"CRIMINAL TRESPASS","65","730"
"BATTERY","24","25428"
"BATTERY","12","1305"
"CRIMINAL SEXUAL ASSAULT","25","373"
"CRIMINAL DAMAGE","35","5766"
"WEAPONS VIOLATION","61","3121"
"BATTERY","4","7075"
"MOTOR VEHICLE THEFT","28","9387"
"DECEPTIVE PRACTICE","17","2856"
"DECEPTIVE PRACTICE","15","4759"
"MOTOR VEHICLE THEFT","29","7245"
"BATTERY","6","17219"
"BATTERY","58","12107"
"NARCOTICS","37","3485"
"DECEPTIVE PRACTICE","39","2047"
"ASSAULT","12","642"
"CRIMINAL DAMAGE","20","5221"
"ASSAULT","45","2417"
"OTHER OFFENSE","35","4317"
"OFFENSE INVOLVING CHILDREN","63","722"
"NARCOTICS","3","10627"
"ROBBERY","67","8038"
"BATTERY","0423","46"
"MOTOR VEHICLE THEFT","1","3128"
"BATTERY","20","7659"
"OTHER OFFENSE","50","2171"
"WEAPONS VIOLATION","65","381"
"WEAPONS VIOLATION","22","998"
"MOTOR VEHICLE THEFT","75","2076"
"CONCEALED CARRY LICENSE VIOLATION","30","19"
"BATTERY","012","4590"
"OFFENSE INVOLVING CHILDREN","19","1386"
"BATTERY","0421","119"
"ASSAULT","0622","5"
"CRIMINAL SEXUAL ASSAULT","12","11"
"SEX OFFENSE","44","403"
"PUBLIC PEACE VIOLATION","34","120"
"CRIMINAL SEXUAL ASSAULT","24","157"
"BATTERY","0512","38"
"PUBLIC PEACE VIOLATION","48","148"
"BATTERY","1913","16"
"HOMICIDE","26","410"
"PUBLIC PEACE VIOLATION","56","366"
"HOMICIDE","23","545"
"ARSON","4","39"
"HOMICIDE","49","428"
"ARSON","23","522"
"INTIMIDATION","57","14"
"BURGLARY","76","474"
"PUBLIC PEACE VIOLATION","29","1307"
"KIDNAPPING","73","115"
"KIDNAPPING","8","69"
"INTERFERENCE WITH PUBLIC OFFICER","15","140"
"ARSON","21","162"
"PUBLIC PEACE VIOLATION","17","176"
"ASSAULT","0124","7"
"GAMBLING","27","496"
"INTERFERENCE WITH PUBLIC OFFICER","48","75"
"INTERFERENCE WITH PUBLIC OFFICER","22","194"
"BATTERY","2033","12"
"PUBLIC PEACE VIOLATION","10","126"
"ASSAULT","0412","5"
"OBSCENITY","37","3"
"ASSAULT","1412","2"
"HOMICIDE","28","248"
"HOMICIDE","21","79"
"CRIM SEXUAL ASSAULT","47","45"
"HUMAN TRAFFICKING","49","4"
"OTHER NARCOTIC VIOLATION","8","8"
"LIQUOR LAW VIOLATION","65","80"
"NARCOTICS","004","1262"
"PUBLIC PEACE VIOLATION","59","162"
"CRIMINAL DAMAGE","012","830"
"CRIM SEXUAL ASSAULT","56","156"
"GAMBLING","47","53"
"CRIMINAL DAMAGE","001","214"
"OFFENSE INVOLVING CHILDREN","007","60"
"PUBLIC PEACE VIOLATION","016","124"
"GAMBLING","48","38"
"KIDNAPPING","50","49"
"LIQUOR LAW VIOLATION","010","21"
"OTHER NARCOTIC VIOLATION","3","4"
"OTHER NARCOTIC VIOLATION","11","3"
"ARSON","020","8"
"CRIM SEXUAL ASSAULT","017","20"
"NON-CRIMINAL","32","10"
"HUMAN TRAFFICKING","67","6"
"NON-CRIMINAL","25","5"
"PROSTITUTION","015","1"
"OBSCENITY","011","4"
"BATTERY","1652","5"
"CONCEALED CARRY LICENSE VIOLATION","55","2"
"HUMAN TRAFFICKING","14","1"
"ASSAULT","1613","1"
"THEFT","16","17939"
"ASSAULT","77","3921"
"DECEPTIVE PRACTICE","69","5712"
"CRIMINAL DAMAGE","14","8971"
"THEFT","41","14579"
"CRIMINAL TRESPASS","17","851"
"DECEPTIVE PRACTICE","77","4840"
"CRIMINAL TRESPASS","4","1129"
"OTHER OFFENSE","46","9067"
"MOTOR VEHICLE THEFT","54","996"
"WEAPONS VIOLATION","68","4288"
"BATTERY","70","9418"
"WEAPONS VIOLATION","54","762"
"CRIMINAL DAMAGE","73","10393"
"BATTERY","47","2029"
"BURGLARY","5","3814"
"MOTOR VEHICLE THEFT","45","1840"
"BURGLARY","28","6611"
"PUBLIC PEACE VIOLATION","30","2518"
"SEX OFFENSE","27","312"
"ROBBERY","35","2880"
"MOTOR VEHICLE THEFT","17","2076"
"CRIMINAL TRESPASS","44","3856"
"STALKING","17","28"
"BATTERY","1022","54"
"ROBBERY","11","468"
"BATTERY","0123","37"
"CRIMINAL SEXUAL ASSAULT","44","108"
"ASSAULT","1533","15"
"SEX OFFENSE","26","274"
"BATTERY","2431","12"
"CRIMINAL SEXUAL ASSAULT","35","65"
"INTERFERENCE WITH PUBLIC OFFICER","16","95"
"SEX OFFENSE","47","26"
"OFFENSE INVOLVING CHILDREN","50","370"
"BATTERY","1112","47"
"NARCOTICS","59","1736"
"ARSON","61","371"
"HOMICIDE","18","13"
"HOMICIDE","61","382"
"ASSAULT","0924","4"
"BATTERY","1923","14"
"ASSAULT","0825","10"
"BURGLARY","74","687"
"KIDNAPPING","27","79"
"BATTERY","0211","21"
"ASSAULT","0211","3"
"ASSAULT","1115","2"
"BATTERY","1424","13"
"CRIMINAL SEXUAL ASSAULT","50","18"
"THEFT","025","1521"
"GAMBLING","29","1028"
"PUBLIC INDECENCY","39","1"
"INTIMIDATION","4","33"
"ASSAULT","0133","7"
"ASSAULT","007","2435"
"STALKING","18","7"
"INTIMIDATION","52","29"
"ASSAULT","1133","3"
"ASSAULT","0834","4"
"BATTERY","006","3305"
"HOMICIDE","77","54"
"WEAPONS VIOLATION","010","232"
"PROSTITUTION","1","931"
"KIDNAPPING","13","20"
"BATTERY","009","2538"
"GAMBLING","71","486"
"LIQUOR LAW VIOLATION","54","15"
"GAMBLING","30","41"
"GAMBLING","37","49"
"CRIM SEXUAL ASSAULT","19","477"
"PUBLIC PEACE VIOLATION","014","71"
"STALKING","74","21"
"STALKING","010","3"
"ARSON","006","9"
"PROSTITUTION","64","11"
"OFFENSE INVOLVING CHILDREN","008","88"
"NON - CRIMINAL","63","1"
"INTERFERENCE WITH PUBLIC OFFICER","006","5"
"LIQUOR LAW VIOLATION","018","9"
"CRIM SEXUAL ASSAULT","014","9"
"STALKING","015","2"
"ASSAULT","0613","3"
"LIQUOR LAW VIOLATION","005","12"
"HUMAN TRAFFICKING","24","1"
"PUBLIC INDECENCY","15","1"
"CRIM SEXUAL ASSAULT","0","1"
"OBSCENITY","12","1"
"BURGLARY","31","3238"
"BATTERY","53","24316"
"OTHER OFFENSE","44","9761"
"MOTOR VEHICLE THEFT","32","2699"
"BATTERY","19","21521"
"OTHER OFFENSE","7","3688"
"THEFT","77","20292"
"THEFT","65","15653"
"CRIMINAL DAMAGE","69","19581"
"BATTERY","1632","14"
"OFFENSE INVOLVING CHILDREN","37","198"
"THEFT","33","15472"
"CRIMINAL DAMAGE","7","12474"
"ROBBERY","24","7945"
"DECEPTIVE PRACTICE","43","7970"
"ASSAULT","7","3013"
"CRIMINAL TRESPASS","77","2116"
"WEAPONS VIOLATION","62","279"
"BATTERY","62","3478"
"CRIMINAL SEXUAL ASSAULT","70","48"
"ASSAULT","4","2439"
"BURGLARY","10","1889"
"SEX OFFENSE","65","241"
"ROBBERY","46","5010"
"INTIMIDATION","8","132"
"CRIMINAL SEXUAL ASSAULT","43","235"
"STALKING","25","154"
"CONCEALED CARRY LICENSE VIOLATION","51","9"
"ASSAULT","0423","9"
"PUBLIC PEACE VIOLATION","27","661"
"CRIMINAL SEXUAL ASSAULT","49","144"
"BATTERY","0333","22"
"SEX OFFENSE","60","211"
"BATTERY","0411","42"
"ASSAULT","0524","6"
"INTERFERENCE WITH PUBLIC OFFICER","69","581"
"CONCEALED CARRY LICENSE VIOLATION","71","32"
"HOMICIDE","39","44"
"HOMICIDE","52","52"
"HOMICIDE","25","1047"
"KIDNAPPING","37","18"
"SEX OFFENSE","37","60"
"BATTERY","1125","11"
"BATTERY","2031","21"
"PUBLIC INDECENCY","24","6"
"BATTERY","1221","9"
"CONCEALED CARRY LICENSE VIOLATION","35","9"
"ASSAULT","0414","7"
"LIQUOR LAW VIOLATION","17","107"
"BATTERY","1032","18"
"ARSON","22","304"
"BATTERY","1034","22"
"NARCOTICS","72","585"
"CRIM SEXUAL ASSAULT","76","52"
"ASSAULT","0213","4"
"PROSTITUTION","38","2066"
"BATTERY","1613","1"
"CRIM SEXUAL ASSAULT","3","471"
"SEX OFFENSE","36","59"
"HOMICIDE","75","97"
"HUMAN TRAFFICKING","46","2"
"ASSAULT","020","574"
"OBSCENITY","70","16"
"ASSAULT","","36687"
"BURGLARY","025","131"
"CRIM SEXUAL ASSAULT","50","102"
"GAMBLING","26","452"
"KIDNAPPING","75","102"
"CRIM SEXUAL ASSAULT","62","79"
"NARCOTICS","008","1241"
"INTIMIDATION","008","15"
"PUBLIC PEACE VIOLATION","015","171"
"PROSTITUTION","15","365"
"CRIMINAL DAMAGE","020","320"
"GAMBLING","004","21"
"DECEPTIVE PRACTICE","1432","3"
"GAMBLING","36","27"
"CRIM SEXUAL ASSAULT","33","117"
"PUBLIC INDECENCY","25","6"
"OBSCENITY","005","2"
"OTHER NARCOTIC VIOLATION","008","3"
"OBSCENITY","009","2"
"KIDNAPPING","003","10"
"NARCOTICS","0","2"
"OBSCENITY","50","3"
"INTIMIDATION","020","5"
"ASSAULT","1231","3"
"CONCEALED CARRY LICENSE VIOLATION","64","2"
"HUMAN TRAFFICKING","35","1"
"NON-CRIMINAL","28","8"
"PROSTITUTION","009","1"
"NON-CRIMINAL","5","3"
"DECEPTIVE PRACTICE","28","11936"
"CRIMINAL DAMAGE","3","9581"
"WEAPONS VIOLATION","38","1317"
"NARCOTICS","30","9150"
"NARCOTICS","23","49588"
"THEFT","7","48515"
"OTHER OFFENSE","61","7930"
"CRIMINAL TRESPASS","6","4081"
"BURGLARY","29","7544"
"DECEPTIVE PRACTICE","67","4510"
"DECEPTIVE PRACTICE","23","6054"
"DECEPTIVE PRACTICE","25","12992"
"CRIMINAL DAMAGE","8","15654"
"CRIMINAL DAMAGE","1","12914"
"CRIMINAL DAMAGE","11","4380"
"MOTOR VEHICLE THEFT","73","4113"
"CRIMINAL DAMAGE","48","5022"
"ROBBERY","61","4983"
"OTHER OFFENSE","39","3145"
"BURGLARY","47","855"
"ROBBERY","29","8552"
"PUBLIC PEACE VIOLATION","32","1438"
"NARCOTICS","49","19138"
"BURGLARY","55","1071"
"CRIMINAL DAMAGE","39","4560"
"CRIMINAL DAMAGE","50","3363"
"OFFENSE INVOLVING CHILDREN","20","508"
"OFFENSE INVOLVING CHILDREN","68","1359"
"ROBBERY","47","360"
"OTHER OFFENSE","34","1107"
"BURGLARY","49","11163"
"ASSAULT","13","1092"
"STALKING","43","156"
"CRIMINAL TRESPASS","58","954"
"LIQUOR LAW VIOLATION","19","327"
"BATTERY","1925","14"
"BATTERY","1121","37"
"ROBBERY","56","1457"
"NARCOTICS","40","7098"
"BURGLARY","51","2621"
"STALKING","64","27"
"LIQUOR LAW VIOLATION","58","195"
"SEX OFFENSE","64","138"
"WEAPONS VIOLATION","74","52"
"BATTERY","0431","31"
"HOMICIDE","27","332"
"INTIMIDATION","64","21"
"THEFT","022","2403"
"CONCEALED CARRY LICENSE VIOLATION","17","2"
"KIDNAPPING","56","43"
"INTIMIDATION","34","22"
"HUMAN TRAFFICKING","44","3"
"ARSON","56","108"
"ASSAULT","1121","7"
"PROSTITUTION","29","1473"
"ARSON","8","81"
"BATTERY","1413","1"
"INTIMIDATION","56","33"
"HOMICIDE","48","56"
"THEFT","008","2437"
"STALKING","50","29"
"ASSAULT","0324","5"
"ASSAULT","1652","4"
"ASSAULT","0111","9"
"PUBLIC PEACE VIOLATION","64","193"
"INTIMIDATION","48","23"
"STALKING","55","25"
"ASSAULT","2432","4"
"ASSAULT","0823","7"
"KIDNAPPING","7","51"
"OBSCENITY","57","5"
"HUMAN TRAFFICKING","58","1"
"ASSAULT","014","867"
"BATTERY","025","3872"
"MOTOR VEHICLE THEFT","","29999"
"THEFT","024","601"
"OTHER OFFENSE","009","170"
"KIDNAPPING","1","71"
"CRIM SEXUAL ASSAULT","15","260"
"GAMBLING","16","44"
"CRIMINAL TRESPASS","007","369"
"CRIM SEXUAL ASSAULT","11","58"
"PUBLIC INDECENCY","22","4"
"WEAPONS VIOLATION","008","441"
"PROSTITUTION","11","10"
"STALKING","10","23"
"PUBLIC PEACE VIOLATION","018","46"
"NON - CRIMINAL","29","2"
"LIQUOR LAW VIOLATION","020","18"
"KIDNAPPING","008","16"
"OBSCENITY","002","4"
"PROSTITUTION","50","5"
"PROSTITUTION","62","7"
"INTIMIDATION","016","9"
"NON-CRIMINAL","30","4"
"PUBLIC INDECENCY","57","2"
"KIDNAPPING","017","9"
"BATTERY","1621","7"
"NON-CRIMINAL","2","1"
"NON-CRIMINAL","60","2"
"PUBLIC INDECENCY","33","1"
"NON-CRIMINAL (SUBJECT SPECIFIED)","27","1"
"HUMAN TRAFFICKING","37","1"
"NON-CRIMINAL","13","2"
"CONCEALED CARRY LICENSE VIOLATION","36","2"
"HUMAN TRAFFICKING","59","1"
"HUMAN TRAFFICKING","60","1"
"THEFT","44","32098"
"CRIMINAL DAMAGE","44","16498"
"BATTERY","15","13410"
"OTHER OFFENSE","60","3166"
"THEFT","5","12855"
"BATTERY","52","5935"
"BURGLARY","32","2454"
"ASSAULT","69","13274"
"DECEPTIVE PRACTICE","32","20608"
"DECEPTIVE PRACTICE","6","12410"
"OTHER OFFENSE","43","16855"
"CRIMINAL DAMAGE","37","2106"
"OTHER OFFENSE","69","11520"
"THEFT","40","10035"
"ASSAULT","58","4007"
"BURGLARY","36","767"
"MOTOR VEHICLE THEFT","40","3544"
"WEAPONS VIOLATION","20","677"
"OFFENSE INVOLVING CHILDREN","43","2074"
"WEAPONS VIOLATION","40","1214"
"BURGLARY","48","2503"
"CRIMINAL DAMAGE","60","7892"
"NARCOTICS","73","6834"
"ASSAULT","24","9478"
"ASSAULT","5","1680"
"KIDNAPPING","71","191"
"LIQUOR LAW VIOLATION","24","675"
"CRIMINAL DAMAGE","12","2358"
"MOTOR VEHICLE THEFT","4","2202"
"CRIMINAL TRESPASS","74","423"
"BURGLARY","39","2212"
"NARCOTICS","33","3355"
"CRIMINAL SEXUAL ASSAULT","68","150"
"LIQUOR LAW VIOLATION","23","296"
"ASSAULT","37","1650"
"STALKING","2","63"
"OFFENSE INVOLVING CHILDREN","55","201"
"STALKING","71","131"
"ASSAULT","0831","8"
"NARCOTICS","77","3028"
"CRIMINAL TRESPASS","9","188"
"CRIMINAL SEXUAL ASSAULT","45","21"
"BURGLARY","34","1236"
"KIDNAPPING","2","96"
"INTIMIDATION","61","84"
"SEX OFFENSE","52","154"
"BATTERY","0334","27"
"BATTERY","1512","25"
"BATTERY","0311","22"
"ASSAULT","0225","6"
"OBSCENITY","14","5"
"STALKING","4","39"
"OBSCENITY","8","18"
"ASSAULT","0731","6"
"ASSAULT","0633","1"
"KIDNAPPING","52","75"
"LIQUOR LAW VIOLATION","22","439"
"HUMAN TRAFFICKING","11","2"
"ASSAULT","1913","2"
"ASSAULT","1032","4"
"PROSTITUTION","31","587"
"CRIM SEXUAL ASSAULT","54","142"
"GAMBLING","70","55"
"PUBLIC PEACE VIOLATION","017","308"
"LIQUOR LAW VIOLATION","","1954"
"CRIMINAL TRESPASS","011","322"
"PUBLIC PEACE VIOLATION","004","539"
"NARCOTICS","005","517"
"CRIM SEXUAL ASSAULT","74","45"
"PROSTITUTION","66","561"
"CRIMINAL TRESPASS","009","238"
"CRIM SEXUAL ASSAULT","72","60"
"PROSTITUTION","13","48"
"THEFT","0","18"
"GAMBLING","32","20"
"OTHER OFFENSE","003","121"
"CRIM SEXUAL ASSAULT","005","21"
"ARSON","012","13"
"OBSCENITY","77","6"
"CRIM SEXUAL ASSAULT","004","35"
"OTHER NARCOTIC VIOLATION","14","6"
"NON - CRIMINAL","66","5"
"NON-CRIMINAL","22","3"
"ASSAULT","0235","2"
"ASSAULT","1912","3"
"PUBLIC INDECENCY","001","1"
"ASSAULT","0221","2"
"PUBLIC INDECENCY","64","2"
"CRIMINAL SEXUAL ASSAULT","010","1"
"CRIMINAL DAMAGE","43","27553"
"THEFT","25","57546"
"ASSAULT","25","26890"
"THEFT","30","18981"
"BATTERY","0412","26"
"OTHER OFFENSE","19","9701"
"THEFT","64","5415"
"OFFENSE INVOLVING CHILDREN","7","206"
"WEAPONS VIOLATION","44","2412"
"OTHER OFFENSE","25","26918"
"CRIMINAL TRESPASS","68","3874"
"ARSON","25","803"
"ROBBERY","26","6269"
"CRIMINAL DAMAGE","58","9607"
"OTHER OFFENSE","53","8143"
"CRIMINAL TRESPASS","46","2953"
"LIQUOR LAW VIOLATION","53","94"
"MOTOR VEHICLE THEFT","22","8529"
"ASSAULT","20","2568"
"CRIMINAL DAMAGE","63","9151"
"CRIMINAL TRESPASS","38","2976"
"CRIMINAL TRESPASS","42","4759"
"GAMBLING","13","29"
"ROBBERY","17","736"
"WEAPONS VIOLATION","28","1301"
"CRIMINAL TRESPASS","66","3547"
"MOTOR VEHICLE THEFT","65","2710"
"STALKING","30","73"
"OFFENSE INVOLVING CHILDREN","15","738"
"OFFENSE INVOLVING CHILDREN","51","558"
"PUBLIC PEACE VIOLATION","31","936"
"ASSAULT","2423","1"
"STALKING","28","143"
"CRIMINAL TRESPASS","72","710"
"WEAPONS VIOLATION","64","181"
"BATTERY","1523","25"
"STALKING","75","39"
"THEFT","001","1886"
"STALKING","23","102"
"LIQUOR LAW VIOLATION","15","308"
"BATTERY","1614","8"
"INTERFERENCE WITH PUBLIC OFFICER","32","229"
"ASSAULT","0421","10"
"ARSON","45","55"
"PUBLIC PEACE VIOLATION","72","121"
"ASSAULT","1225","5"
"CONCEALED CARRY LICENSE VIOLATION","44","30"
"BATTERY","1431","3"
"BATTERY","1733","6"
"ASSAULT","0131","7"
"INTERFERENCE WITH PUBLIC OFFICER","39","30"
"INTIMIDATION","31","57"
"CRIMINAL SEXUAL ASSAULT","004","2"
"BATTERY","2532","13"
"ASSAULT","0914","4"
"INTIMIDATION","11","20"
"ASSAULT","1523","1"
"ARSON","41","28"
"BURGLARY","","32225"
"OFFENSE INVOLVING CHILDREN","","2484"
"ASSAULT","012","2037"
"CRIM SEXUAL ASSAULT","66","674"
"NARCOTICS","017","697"
"CRIM SEXUAL ASSAULT","46","523"
"CRIMINAL TRESPASS","006","424"
"BURGLARY","019","53"
"LIQUOR LAW VIOLATION","5","110"
"CRIMINAL TRESPASS","018","248"
"OFFENSE INVOLVING CHILDREN","024","25"
"INTIMIDATION","017","14"
"DECEPTIVE PRACTICE","025","43"
"PROSTITUTION","34","44"
"INTIMIDATION","011","13"
"KIDNAPPING","002","6"
"PROSTITUTION","74","3"
"STALKING","014","3"
"NON - CRIMINAL","49","1"
"OTHER NARCOTIC VIOLATION","26","1"
"OBSCENITY","18","3"
"PUBLIC INDECENCY","30","4"
"INTIMIDATION","47","4"
"KIDNAPPING","014","3"
"CONCEALED CARRY LICENSE VIOLATION","2","4"
"OTHER NARCOTIC VIOLATION","015","1"
"NON-CRIMINAL","10","4"
"NON-CRIMINAL","23","1"
"PUBLIC INDECENCY","5","1"
"PUBLIC INDECENCY","71","3"
"OTHER NARCOTIC VIOLATION","022","1"
"RITUALISM","26","1"
"CRIMINAL DAMAGE","17","7357"
"BURGLARY","54","1388"
"BATTERY","60","7090"
"OFFENSE INVOLVING CHILDREN","4","272"
"THEFT","63","10686"
"OFFENSE INVOLVING CHILDREN","17","331"
"OTHER OFFENSE","65","3126"
"MOTOR VEHICLE THEFT","51","1842"
"MOTOR VEHICLE THEFT","15","4801"
"BURGLARY","23","8928"
"OFFENSE INVOLVING CHILDREN","69","1518"
"WEAPONS VIOLATION","24","1322"
"OTHER OFFENSE","17","4207"
"THEFT","74","3432"
"BATTERY","36","3363"
"ROBBERY","51","1522"
"DECEPTIVE PRACTICE","12","1349"
"CRIMINAL SEXUAL ASSAULT","42","91"
"BURGLARY","14","3970"
"MOTOR VEHICLE THEFT","53","4596"
"ROBBERY","39","1621"
"BATTERY","45","5898"
"BURGLARY","26","3717"
"ROBBERY","75","1644"
"ROBBERY","42","4826"
"OFFENSE INVOLVING CHILDREN","56","406"
"CRIMINAL SEXUAL ASSAULT","52","20"
"WEAPONS VIOLATION","7","195"
"SEX OFFENSE","21","336"
"CRIMINAL TRESPASS","60","1089"
"LIQUOR LAW VIOLATION","30","760"
"STALKING","14","39"
"CRIMINAL TRESPASS","62","518"
"INTIMIDATION","65","29"
"ARSON","3","87"
"CRIMINAL SEXUAL ASSAULT","26","120"
"BATTERY","0832","19"
"MOTOR VEHICLE THEFT","011","1799"
"BATTERY","2535","17"
"BATTERY","1832","22"
"CRIMINAL TRESPASS","37","1076"
"BATTERY","0121","13"
"OFFENSE INVOLVING CHILDREN","34","106"
"BATTERY","0221","20"
"THEFT","019","1481"
"CRIMINAL TRESPASS","59","498"
"CRIMINAL DAMAGE","018","307"
"NARCOTICS","62","1176"
"LIQUOR LAW VIOLATION","20","110"
"OBSCENITY","2","20"
"KIDNAPPING","77","34"
"ASSAULT","1233","5"
"KIDNAPPING","63","61"
"GAMBLING","46","202"
"OTHER NARCOTIC VIOLATION","23","4"
"BATTERY","1722","8"
"OBSCENITY","60","10"
"ASSAULT","0411","5"
"BATTERY","2413","14"
"OBSCENITY","19","9"
"INTIMIDATION","68","87"
"ARSON","11","44"
"ASSAULT","1414","2"
"ASSAULT","1013","2"
"GAMBLING","53","177"
"HOMICIDE","47","30"
"HOMICIDE","76","5"
"OBSCENITY","40","8"
"HUMAN TRAFFICKING","6","1"
"HUMAN TRAFFICKING","19","1"
"ASSAULT","025","1550"
"CRIMINAL TRESPASS","025","296"
"CRIMINAL DAMAGE","010","877"
"BURGLARY","003","212"
"WEAPONS VIOLATION","024","72"
"CRIM SEXUAL ASSAULT","6","561"
"WEAPONS VIOLATION","012","329"
"WEAPONS VIOLATION","022","304"
"GAMBLING","40","263"
"OTHER OFFENSE","010","237"
"ROBBERY","017","31"
"GAMBLING","022","22"
"INTERFERENCE WITH PUBLIC OFFICER","11","48"
"INTERFERENCE WITH PUBLIC OFFICER","010","4"
"INTIMIDATION","003","13"
"OTHER NARCOTIC VIOLATION","019","1"
"PROSTITUTION","12","8"
"NON-CRIMINAL","6","13"
"NON-CRIMINAL","35","2"
"INTERFERENCE WITH PUBLIC OFFICER","001","4"
"PUBLIC INDECENCY","38","3"
"ASSAULT","1034","4"
"NON - CRIMINAL","8","1"
"BATTERY","1811","4"
"RITUALISM","68","1"
"ASSAULT","2513","1"
"NON-CRIMINAL","59","1"
"ASSAULT","0232","1"
"PUBLIC INDECENCY","36","1"
"CRIMINAL DAMAGE","19","16985"
"BATTERY","44","29023"
"THEFT","28","69347"
"ASSAULT","44","10865"
"WEAPONS VIOLATION","30","2439"
"THEFT","22","42366"
"THEFT","2","21979"
"CRIMINAL DAMAGE","25","39959"
"THEFT","23","28620"
"ASSAULT","19","7925"
"THEFT","4","14031"
"CRIMINAL DAMAGE","24","26253"
"BURGLARY","13","2068"
"NARCOTICS","35","12305"
"WEAPONS VIOLATION","23","3678"
"MOTOR VEHICLE THEFT","64","1155"
"DECEPTIVE PRACTICE","21","3106"
"CRIMINAL DAMAGE","52","6595"
"DECEPTIVE PRACTICE","1","5078"
"MOTOR VEHICLE THEFT","23","9486"
"DECEPTIVE PRACTICE","10","2730"
"ROBBERY","57","939"
"ASSAULT","75","3718"
"BURGLARY","15","5816"
"ROBBERY","27","5522"
"SEX OFFENSE","4","281"
"LIQUOR LAW VIOLATION","28","279"
"ROBBERY","49","7950"
"SEX OFFENSE","40","216"
"DECEPTIVE PRACTICE","012","114"
"STALKING","65","29"
"BATTERY","1513","36"
"OTHER OFFENSE","52","2705"
"CRIMINAL TRESPASS","31","1564"
"MOTOR VEHICLE THEFT","002","479"
"CRIMINAL SEXUAL ASSAULT","15","70"
"PROSTITUTION","26","3808"
"PUBLIC PEACE VIOLATION","38","399"
"PUBLIC PEACE VIOLATION","46","836"
"PUBLIC PEACE VIOLATION","76","427"
"CRIMINAL TRESPASS","73","1903"
"WEAPONS VIOLATION","4","172"
"PUBLIC PEACE VIOLATION","16","455"
"SEX OFFENSE","22","643"
"PUBLIC PEACE VIOLATION","42","825"
"ARSON","39","39"
"MOTOR VEHICLE THEFT","014","1373"
"HOMICIDE","1","113"
"LIQUOR LAW VIOLATION","32","266"
"OFFENSE INVOLVING CHILDREN","59","226"
"MOTOR VEHICLE THEFT","020","347"
"BATTERY","1713","12"
"PUBLIC PEACE VIOLATION","26","686"
"BATTERY","1624","15"
"INTERFERENCE WITH PUBLIC OFFICER","45","78"
"ASSAULT","0623","11"
"STALKING","22","96"
"PUBLIC PEACE VIOLATION","18","87"
"STALKING","51","40"
"CONCEALED CARRY LICENSE VIOLATION","25","27"
"INTERFERENCE WITH PUBLIC OFFICER","41","36"
"CRIMINAL SEXUAL ASSAULT","17","25"
"LIQUOR LAW VIOLATION","51","70"
"SEX OFFENSE","55","62"
"PUBLIC PEACE VIOLATION","33","215"
"ASSAULT","2424","1"
"INTIMIDATION","27","71"
"KIDNAPPING","35","50"
"ARSON","32","56"
"STALKING","20","23"
"CONCEALED CARRY LICENSE VIOLATION","19","20"
"ASSAULT","1434","2"
"ASSAULT","0523","4"
"KIDNAPPING","44","140"
"ASSAULT","1531","1"
"CRIMINAL SEXUAL ASSAULT","48","34"
"OBSCENITY","3","10"
"ROBBERY","010","52"
"CRIM SEXUAL ASSAULT","27","410"
"INTIMIDATION","26","40"
"HOMICIDE","6","42"
"ASSAULT","0726","6"
"INTIMIDATION","33","30"
"OTHER OFFENSE","012","304"
"PUBLIC PEACE VIOLATION","9","38"
"NON-CRIMINAL","51","2"
"DECEPTIVE PRACTICE","","17681"
"LIQUOR LAW VIOLATION","012","33"
"CRIM SEXUAL ASSAULT","42","480"
"PROSTITUTION","42","634"
"OTHER OFFENSE","020","118"
"GAMBLING","007","10"
"GAMBLING","012","8"
"SEX OFFENSE","002","93"
"PROSTITUTION","18","16"
"INTIMIDATION","022","15"
"LIQUOR LAW VIOLATION","39","11"
"INTIMIDATION","004","18"
"PUBLIC INDECENCY","4","4"
"KIDNAPPING","64","26"
"OBSCENITY","008","10"
"PUBLIC INDECENCY","28","5"
"CRIM SEXUAL ASSAULT","015","16"
"PROSTITUTION","47","2"
"NON - CRIMINAL","31","1"
"INTERFERENCE WITH PUBLIC OFFICER","012","6"
"CONCEALED CARRY LICENSE VIOLATION","60","2"
"CONCEALED CARRY LICENSE VIOLATION","75","6"
"NON - CRIMINAL","70","3"
"DOMESTIC VIOLENCE","","1"
"KIDNAPPING","011","4"
"NON-CRIMINAL (SUBJECT SPECIFIED)","50","1"
"GAMBLING","76","1"
"ASSAULT","30","7931"
"BURGLARY","11","1813"
"ASSAULT","2","4905"
"ROBBERY","32","4854"
"INTIMIDATION","25","165"
"CRIMINAL TRESPASS","40","2582"
"ASSAULT","38","6873"
"WEAPONS VIOLATION","57","238"
"DECEPTIVE PRACTICE","46","3773"
"OTHER OFFENSE","76","6683"
"ROBBERY","54","1094"
"THEFT","57","5694"
"CRIMINAL TRESPASS","71","5242"
"CRIMINAL TRESPASS","2","1772"
"DECEPTIVE PRACTICE","76","2108"
"CRIMINAL DAMAGE","42","12437"
"MOTOR VEHICLE THEFT","34","1442"
"ASSAULT","6","5001"
"BATTERY","5","3971"
"OFFENSE INVOLVING CHILDREN","25","2920"
"SEX OFFENSE","32","667"
"ASSAULT","0332","3"
"MOTOR VEHICLE THEFT","11","1226"
"BURGLARY","73","4965"
"OBSCENITY","6","14"
"CRIMINAL SEXUAL ASSAULT","32","156"
"BATTERY","0823","29"
"CONCEALED CARRY LICENSE VIOLATION","24","8"
"DECEPTIVE PRACTICE","52","1158"
"ROBBERY","64","428"
"KIDNAPPING","66","169"
"BATTERY","1033","22"
"ASSAULT","002","1996"
"PUBLIC PEACE VIOLATION","7","364"
"PUBLIC PEACE VIOLATION","61","1215"
"BATTERY","0524","20"
"SEX OFFENSE","66","638"
"OFFENSE INVOLVING CHILDREN","21","496"
"BATTERY","0734","18"
"BATTERY","0322","25"
"CRIMINAL SEXUAL ASSAULT","1","144"
"BATTERY","0422","40"
"CRIMINAL TRESPASS","36","578"
"WEAPONS VIOLATION","72","134"
"KIDNAPPING","10","60"
"BATTERY","1223","25"
"HOMICIDE","8","128"
"ASSAULT","0732","4"
"NARCOTICS","9","81"
"LIQUOR LAW VIOLATION","37","13"
"BATTERY","1824","29"
"MOTOR VEHICLE THEFT","47","426"
"BATTERY","0914","10"
"ARSON","52","111"
"ASSAULT","0913","3"
"PROSTITUTION","53","1051"
"CONCEALED CARRY LICENSE VIOLATION","37","2"
"DECEPTIVE PRACTICE","016","63"
"BATTERY","1631","10"
"ASSAULT","0323","10"
"HUMAN TRAFFICKING","71","7"
"THEFT","002","3041"
"GAMBLING","43","503"
"HOMICIDE","53","321"
"HOMICIDE","3","104"
"ASSAULT","0833","1"
"PROSTITUTION","43","1046"
"CRIM SEXUAL ASSAULT","49","783"
"CRIMINAL TRESPASS","004","498"
"BURGLARY","009","152"
"INTIMIDATION","39","18"
"BURGLARY","011","225"
"CRIM SEXUAL ASSAULT","73","325"
"KIDNAPPING","32","38"
"CRIMINAL TRESPASS","019","250"
"GAMBLING","41","31"
"LIQUOR LAW VIOLATION","024","12"
"DECEPTIVE PRACTICE","003","54"
"KIDNAPPING","010","7"
"OFFENSE INVOLVING CHILDREN","018","42"
"OTHER NARCOTIC VIOLATION","6","15"
"PUBLIC INDECENCY","60","1"
"LIQUOR LAW VIOLATION","002","11"
"INTERFERENCE WITH PUBLIC OFFICER","017","5"
"OTHER NARCOTIC VIOLATION","025","2"
"NON-CRIMINAL","19","9"
"CONCEALED CARRY LICENSE VIOLATION","7","5"
"ASSAULT","0334","5"
"OBSCENITY","025","4"
"CONCEALED CARRY LICENSE VIOLATION","20","1"
"CONCEALED CARRY LICENSE VIOLATION","007","2"
"CONCEALED CARRY LICENSE VIOLATION","77","1"
"NON - CRIMINAL","26","1"
"BATTERY","2","13666"
"BATTERY","30","23473"
"BURGLARY","46","8338"
"ASSAULT","40","5546"
"DECEPTIVE PRACTICE","3","7137"
"THEFT","36","2789"
"MOTOR VEHICLE THEFT","50","1176"
"BURGLARY","27","3985"
"BATTERY","1024","33"
"DECEPTIVE PRACTICE","18","921"
"BURGLARY","53","7990"
"SEX OFFENSE","25","1223"
"OTHER OFFENSE","1","7345"
"ROBBERY","66","8283"
"DECEPTIVE PRACTICE","27","3547"
"CRIMINAL SEXUAL ASSAULT","10","23"
"BURGLARY","67","12033"
"ROBBERY","10","286"
"OBSCENITY","5","12"
"CRIMINAL DAMAGE","34","3139"
"CRIMINAL DAMAGE","76","3281"
"OTHER OFFENSE","64","2603"
"ASSAULT","0331","4"
"CRIMINAL TRESPASS","33","7386"
"DECEPTIVE PRACTICE","29","4675"
"ASSAULT","33","2808"
"BATTERY","9","1137"
"WEAPONS VIOLATION","36","220"
"ASSAULT","1031","5"
"DECEPTIVE PRACTICE","51","1986"
"STALKING","46","88"
"ARSON","28","138"
"CRIMINAL DAMAGE","64","5249"
"DECEPTIVE PRACTICE","50","1156"
"PUBLIC PEACE VIOLATION","68","1138"
"ASSAULT","0322","6"
"STALKING","11","40"
"BATTERY","0212","34"
"ARSON","47","28"
"INTIMIDATION","32","129"
"BURGLARY","52","2362"
"STALKING","29","111"
"OFFENSE INVOLVING CHILDREN","64","342"
"ASSAULT","2515","5"
"BATTERY","0933","16"
"BATTERY","2232","24"
"NARCOTICS","6","3826"
"BATTERY","1611","7"
"PUBLIC PEACE VIOLATION","69","924"
"ASSAULT","0312","8"
"NARCOTICS","41","990"
"INTERFERENCE WITH PUBLIC OFFICER","54","97"
"BATTERY","0835","14"
"BATTERY","2213","15"
"ARSON","26","228"
"MOTOR VEHICLE THEFT","009","1014"
"BATTERY","1414","9"
"ASSAULT","1524","2"
"BATTERY","0831","38"
"OFFENSE INVOLVING CHILDREN","10","258"
"BATTERY","1235","9"
"NARCOTICS","74","474"
"ASSAULT","0212","10"
"INTERFERENCE WITH PUBLIC OFFICER","28","300"
"CRIMINAL SEXUAL ASSAULT","54","25"
"LIQUOR LAW VIOLATION","33","68"
"THEFT","004","2254"
"BATTERY","0114","19"
"ASSAULT","2523","3"
"BATTERY","1411","8"
"BATTERY","0821","7"
"INTERFERENCE WITH PUBLIC OFFICER","76","45"
"LIQUOR LAW VIOLATION","36","4"
"ARSON","50","37"
"BATTERY","0313","21"
"CRIMINAL SEXUAL ASSAULT","55","10"
"PUBLIC PEACE VIOLATION","65","307"
"LIQUOR LAW VIOLATION","59","82"
"LIQUOR LAW VIOLATION","70","63"
"CONCEALED CARRY LICENSE VIOLATION","63","7"
"ASSAULT","1723","2"
"LIQUOR LAW VIOLATION","60","108"
"OBSCENITY","62","7"
"ASSAULT","019","569"
"HUMAN TRAFFICKING","40","4"
"PUBLIC INDECENCY","72","1"
"KIDNAPPING","61","103"
"ASSAULT","1033","2"
"PUBLIC PEACE VIOLATION","020","155"
"GAMBLING","67","808"
"CRIMINAL DAMAGE","016","844"
"CRIMINAL DAMAGE","015","534"
"WEAPONS VIOLATION","004","565"
"WEAPONS VIOLATION","002","244"
"PUBLIC PEACE VIOLATION","006","371"
"CRIM SEXUAL ASSAULT","41","193"
"CRIM SEXUAL ASSAULT","14","240"
"ROBBERY","015","63"
"PROSTITUTION","73","114"
"CRIM SEXUAL ASSAULT","011","20"
"PUBLIC INDECENCY","44","7"
"INTIMIDATION","010","7"
"OTHER OFFENSE","017","161"
"STALKING","005","7"
"OBSCENITY","9","2"
"GAMBLING","15","30"
"OFFENSE INVOLVING CHILDREN","001","26"
"INTIMIDATION","001","5"
"ASSAULT","0","3"
"ARSON","003","15"
"ARSON","76","13"
"PUBLIC INDECENCY","19","3"
"ASSAULT","0431","2"
"DECEPTIVE PRACTICE","0511","1"
"NON-CRIMINAL (SUBJECT SPECIFIED)","23","2"
"CONCEALED CARRY LICENSE VIOLATION","012","1"
"DECEPTIVE PRACTICE","1812","1"
"OBSCENITY","022","2"
"INTIMIDATION","018","3"
"PROSTITUTION","005","1"
"NON-CRIMINAL","36","1"
"OTHER NARCOTIC VIOLATION","31","1"
"HUMAN TRAFFICKING","13","1"
"DECEPTIVE PRACTICE","55","722"
"CRIMINAL DAMAGE","51","6427"
"ASSAULT","71","14517"
"CRIMINAL DAMAGE","32","8450"
"OTHER OFFENSE","21","4136"
"THEFT","19","24505"
"MOTOR VEHICLE THEFT","26","4721"
"OTHER OFFENSE","32","6780"
"THEFT","72","6657"
"CRIMINAL DAMAGE","21","8602"
"ROBBERY","21","2702"
"THEFT","59","7249"
"MOTOR VEHICLE THEFT","46","4704"
"WEAPONS VIOLATION","19","1647"
"INTERFERENCE WITH PUBLIC OFFICER","52","70"
"STALKING","3","53"
"SEX OFFENSE","61","615"
"MOTOR VEHICLE THEFT","52","1178"
"NARCOTICS","16","3360"
"OTHER OFFENSE","48","2949"
"CRIMINAL TRESPASS","30","1686"
"NARCOTICS","31","4030"
"SEX OFFENSE","17","219"
"OFFENSE INVOLVING CHILDREN","66","1552"
"SEX OFFENSE","28","689"
"BATTERY","0833","14"
"OFFENSE INVOLVING CHILDREN","28","1021"
"CRIMINAL SEXUAL ASSAULT","39","39"
"CRIMINAL TRESPASS","13","469"
"CRIMINAL SEXUAL ASSAULT","56","38"
"BATTERY","1914","23"
"PUBLIC PEACE VIOLATION","20","386"
"ASSAULT","0123","8"
"ASSAULT","1824","5"
"SEX OFFENSE","39","128"
"CRIMINAL SEXUAL ASSAULT","76","25"
"ARSON","51","88"
"BATTERY","2523","9"
"CONCEALED CARRY LICENSE VIOLATION","22","6"
"ARSON","54","45"
"BATTERY","0433","23"
"ASSAULT","0714","9"
"INTERFERENCE WITH PUBLIC OFFICER","51","130"
"BATTERY","2223","19"
"ASSAULT","1513","6"
"BATTERY","014","1748"
"LIQUOR LAW VIOLATION","72","71"
"KIDNAPPING","28","71"
"BATTERY","1651","7"
"BATTERY","2212","12"
"INTIMIDATION","10","22"
"ASSAULT","0422","5"
"KIDNAPPING","25","308"
"INTIMIDATION","42","69"
"CONCEALED CARRY LICENSE VIOLATION","69","20"
"ASSAULT","1235","3"
"ASSAULT","0114","3"
"KIDNAPPING","54","28"
"KIDNAPPING","17","66"
"BATTERY","1935","4"
"PROSTITUTION","3","796"
"HOMICIDE","34","30"
"ASSAULT","0821","3"
"HOMICIDE","12","4"
"BATTERY","002","4138"
"INTERFERENCE WITH PUBLIC OFFICER","64","30"
"OBSCENITY","31","12"
"CRIM SEXUAL ASSAULT","","2041"
"ASSAULT","024","478"
"PROSTITUTION","46","512"
"ARSON","64","56"
"CRIM SEXUAL ASSAULT","43","1000"
"BURGLARY","005","220"
"CRIMINAL TRESPASS","014","154"
"MOTOR VEHICLE THEFT","false","76"
"OTHER OFFENSE","016","204"
"CRIMINAL DAMAGE","017","652"
"CRIMINAL TRESPASS","024","261"
"INTERFERENCE WITH PUBLIC OFFICER","50","108"
"INTERFERENCE WITH PUBLIC OFFICER","47","24"
"OBSCENITY","16","11"
"ARSON","017","3"
"KIDNAPPING","018","9"
"SEX OFFENSE","001","45"
"OBSCENITY","45","3"
"LIQUOR LAW VIOLATION","57","51"
"SEX OFFENSE","010","81"
"GAMBLING","62","8"
"CRIM SEXUAL ASSAULT","9","19"
"INTIMIDATION","54","12"
"STALKING","12","15"
"NON - CRIMINAL","76","1"
"GAMBLING","025","3"
"NON - CRIMINAL","64","1"
"DECEPTIVE PRACTICE","0813","1"
"NON-CRIMINAL","44","2"
"RITUALISM","44","1"
"THEFT","3","25479"
"CRIMINAL DAMAGE","5","5415"
"OTHER OFFENSE","5","2504"
"CRIMINAL DAMAGE","2","13293"
"ASSAULT","23","13460"
"BATTERY","10","3904"
"CRIMINAL DAMAGE","4","6886"
"WEAPONS VIOLATION","27","2207"
"NARCOTICS","29","45125"
"WEAPONS VIOLATION","60","400"
"NARCOTICS","25","92836"
"OTHER OFFENSE","40","4450"
"BATTERY","51","8387"
"INTIMIDATION","6","78"
"WEAPONS VIOLATION","71","3993"
"BATTERY","21","10193"
"DECEPTIVE PRACTICE","45","1682"
"OTHER OFFENSE","6","6267"
"THEFT","52","4680"
"MOTOR VEHICLE THEFT","2","4322"
"INTERFERENCE WITH PUBLIC OFFICER","24","243"
"PUBLIC PEACE VIOLATION","67","1231"
"BATTERY","0332","25"
"NARCOTICS","66","17899"
"CRIMINAL TRESPASS","18","232"
"ROBBERY","70","2692"
"BURGLARY","63","4524"
"BATTERY","1212","23"
"PUBLIC PEACE VIOLATION","54","125"
"BATTERY","0231","22"
"CRIMINAL SEXUAL ASSAULT","34","16"
"SEX OFFENSE","63","372"
"KIDNAPPING","69","160"
"WEAPONS VIOLATION","2","544"
"CRIMINAL SEXUAL ASSAULT","40","52"
"BATTERY","0531","28"
"BATTERY","1131","31"
"CRIMINAL SEXUAL ASSAULT","5","27"
"CRIMINAL TRESPASS","16","1474"
"ARSON","6","111"
"INTIMIDATION","30","163"
"PROSTITUTION","56","2919"
"PUBLIC PEACE VIOLATION","62","244"
"STALKING","60","32"
"ASSAULT","0632","8"
"BATTERY","0612","36"
"ARSON","7","64"
"LIQUOR LAW VIOLATION","63","157"
"INTIMIDATION","18","14"
"INTIMIDATION","74","19"
"INTIMIDATION","41","16"
"ASSAULT","0223","4"
"ASSAULT","0233","3"
"STALKING","72","22"
"ASSAULT","2032","1"
"BATTERY","015","3155"
"HOMICIDE","70","92"
"ASSAULT","0433","4"
"ARSON","59","79"
"HOMICIDE","37","50"
"ASSAULT","1813","1"
"OBSCENITY","21","10"
"THEFT","020","848"
"OBSCENITY","29","18"
"CRIMINAL DAMAGE","002","559"
"KIDNAPPING","16","75"
"CRIMINAL TRESPASS","017","381"
"NARCOTICS","001","296"
"CRIMINAL DAMAGE","024","374"
"DECEPTIVE PRACTICE","004","59"
"CRIMINAL TRESPASS","015","301"
"BURGLARY","010","200"
"OTHER OFFENSE","024","105"
"KIDNAPPING","31","40"
"OFFENSE INVOLVING CHILDREN","012","60"
"INTIMIDATION","015","7"
"ARSON","022","17"
"INTIMIDATION","005","7"
"WEAPONS VIOLATION","020","68"
"KIDNAPPING","41","28"
"OBSCENITY","38","13"
"INTERFERENCE WITH PUBLIC OFFICER","55","21"
"OBSCENITY","018","1"
"CRIM SEXUAL ASSAULT","008","32"
"OTHER OFFENSE","0","11"
"NON - CRIMINAL","56","1"
"PUBLIC INDECENCY","58","2"
"NON-CRIMINAL (SUBJECT SPECIFIED)","61","1"
"ARSON","12","9"
"ARSON","014","2"
"ARSON","002","12"
"PUBLIC INDECENCY","69","4"
"NON-CRIMINAL","24","4"
"RITUALISM","53","1"
"ASSAULT","1224","1"
"NON-CRIMINAL (SUBJECT SPECIFIED)","65","1"
"RITUALISM","67","1"
"INTERFERENCE WITH PUBLIC OFFICER","014","2"
"CRIMINAL SEXUAL ASSAULT","019","1"
"BURGLARY","58","4778"
"THEFT","60","9586"
"SEX OFFENSE","24","769"
"OTHER OFFENSE","22","8110"
"CRIMINAL DAMAGE","23","20310"
"OTHER OFFENSE","23","11891"
"CRIMINAL DAMAGE","71","22722"
"ASSAULT","28","11527"
"BATTERY","25","86249"
"MOTOR VEHICLE THEFT","44","7268"
"BATTERY","43","49531"
"OTHER OFFENSE","2","6627"
"BATTERY","75","9473"
"MOTOR VEHICLE THEFT","19","8816"
"THEFT","71","29620"
"BURGLARY","24","15239"
"ASSAULT","51","3981"
"CRIMINAL TRESPASS","56","1331"
"ARSON","43","294"
"INTIMIDATION","16","46"
"WEAPONS VIOLATION","58","1064"
"ASSAULT","55","1223"
"NARCOTICS","61","17123"
"BURGLARY","45","2289"
"PUBLIC PEACE VIOLATION","49","914"
"WEAPONS VIOLATION","37","466"
"CRIMINAL SEXUAL ASSAULT","21","41"
"BATTERY","0735","19"
"ASSAULT","0724","8"
"STALKING","70","45"
"OFFENSE INVOLVING CHILDREN","41","259"
"ASSAULT","1522","13"
"STALKING","40","44"
"DECEPTIVE PRACTICE","59","1118"
"INTERFERENCE WITH PUBLIC OFFICER","75","137"
"PUBLIC PEACE VIOLATION","23","1341"
"STALKING","44","145"
"WEAPONS VIOLATION","3","566"
"BATTERY","0312","44"
"ROBBERY","007","121"
"CONCEALED CARRY LICENSE VIOLATION","28","22"
"DECEPTIVE PRACTICE","36","669"
"ARSON","71","311"
"CRIMINAL TRESPASS","34","1108"
"BATTERY","1122","47"
"BATTERY","1231","18"
"ASSAULT","1532","6"
"INTERFERENCE WITH PUBLIC OFFICER","1","304"
"BATTERY","1412","9"
"STALKING","52","28"
"ASSAULT","0621","12"
"PUBLIC PEACE VIOLATION","14","500"
"ARSON","24","335"
"LIQUOR LAW VIOLATION","25","567"
"INTERFERENCE WITH PUBLIC OFFICER","6","169"
"CONCEALED CARRY LICENSE VIOLATION","49","21"
"OBSCENITY","73","6"
"INTERFERENCE WITH PUBLIC OFFICER","59","46"
"OBSCENITY","75","11"
"CONCEALED CARRY LICENSE VIOLATION","4","3"
"STALKING","5","41"
"CRIM SEXUAL ASSAULT","35","252"
"INTIMIDATION","38","44"
"PROSTITUTION","67","2174"
"KIDNAPPING","62","36"
"BURGLARY","016","44"
"CRIM SEXUAL ASSAULT","16","291"
"STALKING","37","14"
"CRIM SEXUAL ASSAULT","4","181"
"HOMICIDE","60","45"
"HOMICIDE","10","9"
"PROSTITUTION","58","2214"
"OBSCENITY","42","10"
"GAMBLING","69","335"
"NARCOTICS","018","285"
"GAMBLING","65","27"
"GAMBLING","68","613"
"WEAPONS VIOLATION","003","227"
"PROSTITUTION","44","401"
"INTERFERENCE WITH PUBLIC OFFICER","7","57"
"OTHER OFFENSE","022","242"
"CRIMINAL TRESPASS","005","324"
"GAMBLING","17","39"
"CRIM SEXUAL ASSAULT","77","258"
"INTERFERENCE WITH PUBLIC OFFICER","022","9"
"LIQUOR LAW VIOLATION","12","18"
"CRIM SEXUAL ASSAULT","020","8"
"INTERFERENCE WITH PUBLIC OFFICER","13","20"
"INTERFERENCE WITH PUBLIC OFFICER","019","3"
"NON-CRIMINAL","43","1"
"PUBLIC INDECENCY","65","3"
"INTERFERENCE WITH PUBLIC OFFICER","002","4"
"OTHER NARCOTIC VIOLATION","25","2"
"CONCEALED CARRY LICENSE VIOLATION","14","3"
"NON-CRIMINAL","55","1"
"NON-CRIMINAL","7","1"
"PUBLIC INDECENCY","62","1"
"BATTERY","0634","29"
"THEFT","37","4233"
"MOTOR VEHICLE THEFT","69","8407"
"THEFT","26","14366"
"CRIMINAL DAMAGE","6","14257"
"THEFT","69","24645"
"CRIMINAL TRESPASS","76","3566"
"ROBBERY","2","2922"
"BATTERY","18","2673"
"BATTERY","55","2770"
"CRIMINAL SEXUAL ASSAULT","38","68"
"CRIMINAL DAMAGE","28","19993"
"OTHER OFFENSE","28","10607"
"BATTERY","7","9437"
"WEAPONS VIOLATION","26","2814"
"CRIMINAL DAMAGE","30","13859"
"MOTOR VEHICLE THEFT","30","6061"
"MOTOR VEHICLE THEFT","60","2169"
"MOTOR VEHICLE THEFT","58","4512"
"BURGLARY","19","9066"
"ROBBERY","38","4254"
"OTHER OFFENSE","4","3483"
"KIDNAPPING","58","91"
"BURGLARY","17","3516"
"MOTOR VEHICLE THEFT","70","3479"
"CRIMINAL DAMAGE","40","8195"
"ASSAULT","52","2631"
"MOTOR VEHICLE THEFT","37","1092"
"ASSAULT","0512","11"
"CRIMINAL TRESPASS","48","720"
"THEFT","58","10437"
"ROBBERY","5","942"
"WEAPONS VIOLATION","34","266"
"NARCOTICS","75","3907"
"SEX OFFENSE","1","574"
"WEAPONS VIOLATION","52","591"
"CONCEALED CARRY LICENSE VIOLATION","67","46"
"SEX OFFENSE","7","442"
"CRIMINAL TRESPASS","51","1280"
"CRIMINAL TRESPASS","14","1378"
"OFFENSE INVOLVING CHILDREN","74","262"
"CRIMINAL TRESPASS","47","174"
"BATTERY","2512","22"
"PUBLIC PEACE VIOLATION","43","1099"
"BATTERY","1934","14"
"OFFENSE INVOLVING CHILDREN","32","184"
"CRIMINAL SEXUAL ASSAULT","71","152"
"NON-CRIMINAL","8","14"
"INTERFERENCE WITH PUBLIC OFFICER","53","394"
"CRIMINAL SEXUAL ASSAULT","59","24"
"BATTERY","2533","23"
"PUBLIC PEACE VIOLATION","15","460"
"ARSON","53","271"
"INTERFERENCE WITH PUBLIC OFFICER","71","734"
"PUBLIC PEACE VIOLATION","66","1577"
"HOMICIDE","45","72"
"BATTERY","2511","17"
"ASSAULT","2514","2"
"ASSAULT","1512","5"
"CONCEALED CARRY LICENSE VIOLATION","15","6"
"STALKING","19","59"
"BATTERY","0511","42"
"DECEPTIVE PRACTICE","019","61"
"INTERFERENCE WITH PUBLIC OFFICER","33","107"
"OBSCENITY","66","20"
"ARSON","63","235"
"LIQUOR LAW VIOLATION","26","147"
"ARSON","1","102"
"ARSON","55","60"
"OBSCENITY","32","14"
"ASSAULT","1632","1"
"ASSAULT","2222","2"
"ASSAULT","0612","2"
"DECEPTIVE PRACTICE","0123","1"
"ASSAULT","0234","5"
"ASSAULT","1223","3"
"PROSTITUTION","27","3193"
"PUBLIC PEACE VIOLATION","57","111"
"HOMICIDE","19","148"
"PROSTITUTION","49","1409"
"CRIMINAL TRESPASS","008","477"
"CRIM SEXUAL ASSAULT","22","496"
"BATTERY","017","1889"
"PUBLIC PEACE VIOLATION","","2882"
"NARCOTICS","010","555"
"CRIMINAL DAMAGE","022","680"
"CRIMINAL DAMAGE","019","374"
"OTHER OFFENSE","002","268"
"OBSCENITY","61","15"
"CRIMINAL TRESPASS","022","511"
"NARCOTICS","009","514"
"NARCOTICS","006","437"
"WEAPONS VIOLATION","014","137"
"SEX OFFENSE","025","82"
"OTHER NARCOTIC VIOLATION","46","3"
"PROSTITUTION","70","41"
"HUMAN TRAFFICKING","28","6"
"CRIM SEXUAL ASSAULT","022","18"
"GAMBLING","10","13"
"ARSON","019","8"
"ASSAULT","1131","3"
"ARSON","024","3"
"PROSTITUTION","004","2"
"RITUALISM","005","1"
"OBSCENITY","017","3"
"NON-CRIMINAL","29","4"
"LIQUOR LAW VIOLATION","003","9"
"ASSAULT","1111","1"
"ASSAULT","2532","2"
"PUBLIC INDECENCY","27","2"
"OTHER NARCOTIC VIOLATION","38","1"
"HUMAN TRAFFICKING","38","2"
"NON-CRIMINAL","1","2"
"MOTOR VEHICLE THEFT","0","2"
"INTERFERENCE WITH PUBLIC OFFICER","024","2"
"HUMAN TRAFFICKING","73","1"
"NON - CRIMINAL","27","1"
"NON-CRIMINAL","11","2"
"PUBLIC INDECENCY","014","1"
"OBSCENITY","001","1"
"ASSAULT","1614","1"
"BATTERY","1711","1"
"CRIMINAL DAMAGE","38","10440"
"OTHER OFFENSE","30","9147"
"BATTERY","28","28988"
"BURGLARY","59","1956"
"WEAPONS VIOLATION","29","4342"
"MOTOR VEHICLE THEFT","20","2831"
"BATTERY","54","8644"
"MOTOR VEHICLE THEFT","72","1036"
"CRIMINAL TRESPASS","50","767"
"BATTERY","22","20874"
"THEFT","29","25108"
"NARCOTICS","38","9677"
"ASSAULT","56","3031"
"ROBBERY","48","2006"
"ROBBERY","30","4913"
"OFFENSE INVOLVING CHILDREN","39","321"
"BATTERY","0715","16"
"WEAPONS VIOLATION","69","3521"
"ROBBERY","6","5336"
"LIQUOR LAW VIOLATION","43","135"
"BATTERY","1834","81"
"ASSAULT","76","1625"
"CONCEALED CARRY LICENSE VIOLATION","23","15"
"BURGLARY","72","2213"
"BURGLARY","44","9140"
"ASSAULT","34","1366"
"MOTOR VEHICLE THEFT","004","3640"
"CRIMINAL SEXUAL ASSAULT","6","194"
"CRIMINAL SEXUAL ASSAULT","30","129"
"SEX OFFENSE","31","380"
"MOTOR VEHICLE THEFT","007","605"
"NARCOTICS","39","1804"
"OFFENSE INVOLVING CHILDREN","53","1139"
"BURGLARY","37","790"
"ROBBERY","13","519"
"SEX OFFENSE","41","200"
"CRIMINAL SEXUAL ASSAULT","2","81"
"INTERFERENCE WITH PUBLIC OFFICER","43","610"
"SEX OFFENSE","53","370"
"BATTERY","0623","23"
"ARSON","13","38"
"CRIMINAL TRESPASS","55","318"
"ASSAULT","1511","5"
"SEX OFFENSE","51","124"
"BATTERY","1215","4"
"ROBBERY","76","181"
"BATTERY","2424","6"
"LIQUOR LAW VIOLATION","7","398"
"BATTERY","0414","55"
"MOTOR VEHICLE THEFT","003","2583"
"LIQUOR LAW VIOLATION","29","232"
"LIQUOR LAW VIOLATION","52","77"
"PUBLIC PEACE VIOLATION","47","70"
"LIQUOR LAW VIOLATION","55","29"
"SEX OFFENSE","45","104"
"BATTERY","0726","13"
"ASSAULT","2524","3"
"PROSTITUTION","57","552"
"INTIMIDATION","14","50"
"ARSON","75","73"
"SEX OFFENSE","12","47"
"OBSCENITY","10","7"
"ROBBERY","025","86"
"INTERFERENCE WITH PUBLIC OFFICER","63","134"
"ASSAULT","0813","7"
"PUBLIC PEACE VIOLATION","022","507"
"THEFT","014","617"
"LIQUOR LAW VIOLATION","75","60"
"HOMICIDE","","380"
"HOMICIDE","15","46"
"HOMICIDE","36","27"
"ARSON","33","35"
"CRIM SEXUAL ASSAULT","18","42"
"PUBLIC PEACE VIOLATION","008","436"
"ASSAULT","1732","1"
"THEFT","003","1256"
"ASSAULT","016","655"
"GAMBLING","61","385"
"ROBBERY","016","29"
"GAMBLING","45","29"
"OFFENSE INVOLVING CHILDREN","025","66"
"GAMBLING","6","18"
"INTERFERENCE WITH PUBLIC OFFICER","12","12"
"GAMBLING","020","3"
"PROSTITUTION","9","6"
"GAMBLING","010","8"
"OTHER NARCOTIC VIOLATION","77","1"
"OTHER NARCOTIC VIOLATION","33","2"
"PUBLIC INDECENCY","37","1"
"PROSTITUTION","72","2"
"STALKING","004","6"
"NON-CRIMINAL","3","5"
"STALKING","002","4"
"OBSCENITY","006","2"
"HUMAN TRAFFICKING","29","3"
"KIDNAPPING","020","2"
"NON-CRIMINAL","73","1"
"NON-CRIMINAL","12","2"
"NON-CRIMINAL","75","2"
"PUBLIC INDECENCY","29","2"
"ASSAULT","1214","1"
"OTHER NARCOTIC VIOLATION","61","1"
"HUMAN TRAFFICKING","1","1"
"HUMAN TRAFFICKING","54","1"
